respondent_id,age_group,occupation,residence_type,city,area_type,household_size,current_laundry_method,loads_per_week,current_monthly_spend_inr,biggest_pain_point,travel_tolerance_min,fair_price_per_wash_inr,desired_features_count,attitude_switch_convenience,attitude_time_over_cost,attitude_trust_automation,attitude_subscription_appeal,attitude_would_recommend,will_avail_service
C1000,18-24,Student,Own apartment,Pune,Working Professional Hub,2-3,Local laundromat,1,1034.0,No machine access,10,120,2,5,4,4,4,4,1
C1001,18-24,Student,Own apartment,Pune,Working Professional Hub,6+,Domestic help,5,742.0,Time constraint,10,160,0,4,4,4,2,4,0
C1002,18-24,Working Professional,Own apartment,Bangalore,Student/PG-dense,4-5,Local laundromat,4,1614.0,Quality/damage,5,260,2,4,4,4,4,3,0
C1003,18-24,Student,Rented (alone/family),Pune,Working Professional Hub,2-3,Domestic help,4,1237.0,Time constraint,5,200,2,3,3,3,5,4,1
C1004,55+,Working Professional,Own apartment,Mumbai,Residential Township,4-5,Wash at home,1,686.0,Distance,5,120,2,4,3,3,4,5,1
C1005,25-34,Student,Rented (shared),Pune,Working Professional Hub,6+,Local laundromat,5,971.0,Distance,10,120,1,4,3,4,4,4,1
C1006,25-34,Working Professional,Rented (shared),Pune,Mixed Residential-Commercial,1,Wash at home,3,1121.0,Time constraint,10,120,2,5,5,5,5,5,1
C1007,35-44,Other,Own apartment,Pune,Student/PG-dense,6+,Wash at home,2,1204.0,Cost,10,260,3,5,5,5,5,5,1
C1008,18-24,Self-employed,Rented (alone/family),Hyderabad,Student/PG-dense,1,Wash at home,3,745.0,Time constraint,20,200,3,5,5,5,5,5,1
C1009,45-54,Working Professional,Own apartment,Pune,IT Park Hub,4-5,Wash at home,1,1247.0,No machine access,10,200,1,4,4,4,4,3,1
C1010,35-44,Working Professional,Own apartment,Bangalore,Residential Township,2-3,Other,4,706.0,Quality/damage,10,120,5,5,5,5,5,5,1
C1011,18-24,Working Professional,Own apartment,Pune,Working Professional Hub,1,Wash at home,3,515.0,Quality/damage,5,160,0,4,4,3,3,4,1
C1012,25-34,Working Professional,Own apartment,Bangalore,Student/PG-dense,2-3,Pickup service,2,609.0,Cost,5,160,2,5,5,4,4,5,1
C1013,45-54,Working Professional,Rented (alone/family),Pune,Residential Township,4-5,Domestic help,2,732.0,Time constraint,15,120,0,4,4,4,4,4,1
C1014,45-54,Student,Rented (shared),Bangalore,Working Professional Hub,2-3,Local laundromat,2,714.0,No machine access,10,160,4,5,5,5,5,5,1
C1015,25-34,Homemaker,Rented (alone/family),Mumbai,Working Professional Hub,1,Wash at home,1,1448.0,Time constraint,15,90,1,5,5,4,4,5,1
C1016,25-34,Working Professional,Rented (shared),Ahmedabad,Working Professional Hub,2-3,Domestic help,3,520.0,Quality/damage,5,120,2,5,5,5,5,4,1
C1017,18-24,Student,Rented (alone/family),Pune,Mixed Residential-Commercial,6+,Pickup service,5,321.0,No machine access,10,200,2,5,5,5,5,4,1
C1018,55+,Working Professional,Own apartment,Pune,Residential Township,2-3,Domestic help,1,1408.0,Quality/damage,5,200,1,4,3,4,3,5,0
C1019,18-24,Working Professional,Own apartment,Pune,IT Park Hub,1,Domestic help,1,851.0,Time constraint,5,160,4,5,5,5,5,5,1
C1020,45-54,Homemaker,Rented (shared),Hyderabad,Residential Township,2-3,Other,3,477.0,No machine access,5,160,5,5,5,5,4,4,1
C1021,25-34,Self-employed,PG/Hostel,Mumbai,Mixed Residential-Commercial,1,Pickup service,4,1165.0,No machine access,5,120,3,4,4,5,4,5,0
C1022,25-34,Self-employed,Rented (alone/family),Bangalore,Residential Township,4-5,Wash at home,2,1024.0,Time constraint,10,200,1,3,4,4,4,4,1
C1023,25-34,Student,PG/Hostel,Pune,Working Professional Hub,4-5,Pickup service,2,1550.0,No machine access,5,200,4,5,5,5,5,5,1
C1024,18-24,Working Professional,Own apartment,Pune,Student/PG-dense,2-3,Wash at home,3,879.0,Distance,20,200,2,5,5,5,5,5,1
C1025,18-24,Working Professional,Rented (shared),Pune,Student/PG-dense,2-3,Domestic help,2,2025.0,Distance,10,200,4,4,4,4,5,5,1
C1026,18-24,Student,PG/Hostel,Ahmedabad,Working Professional Hub,4-5,Wash at home,1,771.0,No machine access,5,120,2,4,4,5,5,5,1
C1027,18-24,Student,PG/Hostel,Bangalore,Working Professional Hub,2-3,Wash at home,4,1025.0,No machine access,5,120,2,5,5,4,5,5,1
C1028,35-44,Self-employed,Rented (alone/family),Ahmedabad,Working Professional Hub,4-5,Domestic help,3,1087.0,Time constraint,10,160,2,4,4,5,5,5,1
C1029,25-34,Student,Rented (alone/family),Pune,Working Professional Hub,4-5,Pickup service,3,2569.0,Distance,5,120,5,5,5,5,4,4,1
C1030,18-24,Working Professional,Rented (shared),Mumbai,Residential Township,4-5,Local laundromat,4,674.0,Time constraint,15,200,1,4,5,4,5,4,1
C1031,55+,Student,PG/Hostel,Bangalore,IT Park Hub,2-3,Local laundromat,4,666.0,Inconsistent timing,20,120,6,5,4,5,5,5,1
C1032,45-54,Student,Rented (shared),Pune,Working Professional Hub,2-3,Domestic help,2,1096.0,No machine access,5,120,5,5,3,4,5,5,1
C1033,45-54,Student,Rented (shared),Hyderabad,Working Professional Hub,6+,Wash at home,2,461.0,No machine access,10,120,2,3,4,3,4,4,1
C1034,55+,Other,Own apartment,Ahmedabad,Student/PG-dense,2-3,Domestic help,1,588.0,Inconsistent timing,5,260,3,3,2,4,3,3,0
C1035,18-24,Self-employed,Rented (alone/family),Hyderabad,Mixed Residential-Commercial,2-3,Wash at home,1,762.0,Time constraint,10,120,3,5,5,5,5,5,1
C1036,25-34,Other,Rented (shared),Bangalore,IT Park Hub,1,Domestic help,4,1528.0,Cost,10,160,4,5,5,5,5,5,1
C1037,35-44,Working Professional,PG/Hostel,Pune,Residential Township,4-5,Domestic help,5,1096.0,Cost,5,160,2,5,5,3,5,5,1
C1038,35-44,Student,Other,Pune,Residential Township,2-3,Wash at home,6,837.0,Time constraint,5,90,6,5,5,5,5,4,1
C1039,18-24,Working Professional,Rented (alone/family),Ahmedabad,Mixed Residential-Commercial,1,Local laundromat,3,649.0,No machine access,15,160,1,5,4,4,4,5,1
C1040,35-44,Working Professional,Own apartment,Pune,Working Professional Hub,1,Wash at home,2,1794.0,Quality/damage,10,200,3,3,2,3,4,4,0
C1041,18-24,Homemaker,PG/Hostel,Bangalore,Residential Township,2-3,Domestic help,1,790.0,Quality/damage,5,160,3,5,5,5,5,5,1
C1042,18-24,Student,Rented (alone/family),Bangalore,IT Park Hub,4-5,Local laundromat,4,588.0,Time constraint,15,200,3,5,5,5,5,5,1
C1043,25-34,Working Professional,PG/Hostel,Mumbai,IT Park Hub,2-3,Pickup service,3,1947.0,Inconsistent timing,10,120,2,5,5,5,5,5,1
C1044,25-34,Student,Rented (alone/family),Ahmedabad,Student/PG-dense,1,Wash at home,3,469.0,Time constraint,15,90,5,5,5,4,5,5,1
C1045,25-34,Working Professional,Other,Pune,Working Professional Hub,4-5,Wash at home,4,1361.0,Time constraint,5,260,1,3,3,3,3,4,0
C1046,18-24,Self-employed,Rented (shared),Pune,Residential Township,1,Wash at home,4,815.0,Time constraint,15,120,2,3,3,4,5,4,1
C1047,45-54,Working Professional,PG/Hostel,Pune,Mixed Residential-Commercial,2-3,Wash at home,5,1095.0,Time constraint,15,160,2,3,1,3,2,3,0
C1048,18-24,Working Professional,PG/Hostel,Pune,Working Professional Hub,1,Local laundromat,1,1014.0,Time constraint,5,200,1,5,5,5,5,5,1
C1049,18-24,Working Professional,Rented (shared),Pune,Student/PG-dense,1,Domestic help,4,1089.0,Inconsistent timing,15,120,0,5,4,5,5,5,1
C1050,45-54,Working Professional,PG/Hostel,Pune,Student/PG-dense,1,Pickup service,5,2027.0,No machine access,10,200,3,4,5,4,4,5,1
C1051,55+,Self-employed,PG/Hostel,Hyderabad,IT Park Hub,2-3,Local laundromat,2,1886.0,Time constraint,20,120,3,5,4,3,4,5,1
C1052,45-54,Homemaker,Own apartment,Ahmedabad,Working Professional Hub,1,Other,3,600.0,Time constraint,5,120,3,5,3,3,4,3,1
C1053,35-44,Other,Rented (alone/family),Pune,Working Professional Hub,2-3,Domestic help,2,997.0,Quality/damage,10,120,2,5,4,4,5,4,1
C1054,25-34,Self-employed,Rented (shared),Pune,IT Park Hub,2-3,Domestic help,6,382.0,Distance,10,200,3,4,2,3,3,5,1
C1055,25-34,Working Professional,Own apartment,Ahmedabad,Mixed Residential-Commercial,2-3,Local laundromat,1,1139.0,Time constraint,20,120,3,4,5,5,4,3,1
C1056,18-24,Working Professional,PG/Hostel,Pune,Mixed Residential-Commercial,2-3,Wash at home,3,1252.0,Time constraint,10,200,0,4,4,5,3,5,1
C1057,25-34,Working Professional,Other,Pune,Residential Township,4-5,Wash at home,2,322.0,Time constraint,20,260,1,5,4,5,5,5,1
C1058,25-34,Student,Rented (shared),Pune,Residential Township,1,Domestic help,4,802.0,Time constraint,20,160,4,5,4,5,5,5,1
C1059,18-24,Homemaker,Own apartment,Mumbai,Mixed Residential-Commercial,2-3,Wash at home,2,1095.0,Time constraint,5,160,1,2,3,2,3,2,0
C1060,35-44,Student,Rented (alone/family),Pune,Student/PG-dense,1,Wash at home,2,939.0,No machine access,15,160,2,4,4,4,4,4,0
C1061,25-34,Homemaker,Own apartment,Ahmedabad,Mixed Residential-Commercial,1,Local laundromat,3,473.0,Time constraint,20,120,3,2,3,4,3,3,0
C1062,18-24,Working Professional,Other,Pune,Residential Township,2-3,Pickup service,5,494.0,No machine access,5,160,1,5,5,3,5,5,1
C1063,18-24,Working Professional,Rented (shared),Mumbai,IT Park Hub,2-3,Pickup service,2,763.0,Time constraint,10,160,3,5,5,5,5,5,1
C1064,35-44,Working Professional,Other,Pune,Student/PG-dense,4-5,Wash at home,1,674.0,Inconsistent timing,10,260,2,4,3,2,3,3,0
C1065,18-24,Homemaker,Rented (shared),Mumbai,Student/PG-dense,2-3,Wash at home,4,701.0,Inconsistent timing,5,260,5,5,4,4,5,5,1
C1066,45-54,Working Professional,Rented (shared),Bangalore,Working Professional Hub,6+,Pickup service,3,447.0,Cost,5,200,1,4,3,3,4,4,0
C1067,25-34,Working Professional,Rented (shared),Bangalore,Residential Township,1,Other,5,821.0,No machine access,5,200,1,5,4,4,5,4,0
C1068,25-34,Student,Rented (alone/family),Bangalore,IT Park Hub,1,Domestic help,1,1534.0,No machine access,5,160,5,5,5,5,5,5,1
C1069,25-34,Working Professional,PG/Hostel,Mumbai,Working Professional Hub,1,Domestic help,3,481.0,No machine access,10,160,0,5,5,5,5,5,1
C1070,35-44,Student,Rented (alone/family),Hyderabad,Working Professional Hub,1,Domestic help,2,737.0,Quality/damage,5,200,2,5,5,4,5,5,1
C1071,25-34,Self-employed,Rented (alone/family),Hyderabad,Mixed Residential-Commercial,2-3,Pickup service,2,1043.0,No machine access,15,120,1,2,2,3,4,3,1
C1072,35-44,Working Professional,Own apartment,Bangalore,Working Professional Hub,4-5,Wash at home,4,406.0,Distance,15,260,3,3,3,3,3,3,1
C1073,25-34,Working Professional,Own apartment,Pune,Student/PG-dense,1,Pickup service,3,824.0,Inconsistent timing,5,160,1,5,5,5,5,5,1
C1074,18-24,Student,Rented (alone/family),Pune,Residential Township,6+,Pickup service,4,1236.0,No machine access,15,160,1,4,4,4,4,4,0
C1075,45-54,Student,Rented (shared),Pune,Student/PG-dense,4-5,Pickup service,2,523.0,Cost,15,200,3,5,5,4,4,5,1
C1076,35-44,Self-employed,Rented (shared),Bangalore,Mixed Residential-Commercial,2-3,Local laundromat,3,858.0,Time constraint,20,260,3,4,4,5,5,4,1
C1077,25-34,Student,PG/Hostel,Pune,Residential Township,1,Local laundromat,3,1198.0,Time constraint,5,120,3,5,5,5,5,5,1
C1078,45-54,Student,PG/Hostel,Pune,Residential Township,1,Wash at home,6,1979.0,No machine access,5,200,2,5,4,5,5,5,1
C1079,45-54,Student,Rented (shared),Hyderabad,Working Professional Hub,1,Local laundromat,2,840.0,Time constraint,20,160,2,5,5,4,5,5,1
C1080,35-44,Other,Rented (shared),Hyderabad,Residential Township,1,Wash at home,2,593.0,Distance,20,120,1,4,3,2,2,4,0
C1081,35-44,Self-employed,Other,Hyderabad,Student/PG-dense,2-3,Domestic help,2,360.0,Time constraint,15,200,4,4,4,4,4,4,1
C1082,35-44,Working Professional,Rented (alone/family),Pune,Mixed Residential-Commercial,1,Wash at home,3,595.0,No machine access,15,160,4,5,5,4,5,5,1
C1083,35-44,Student,Rented (shared),Bangalore,Working Professional Hub,2-3,Wash at home,2,437.0,Cost,5,160,1,4,5,4,5,4,1
C1084,25-34,Working Professional,Rented (alone/family),Pune,Working Professional Hub,6+,Local laundromat,5,1589.0,Quality/damage,10,120,0,3,3,2,3,3,0
C1085,35-44,Self-employed,PG/Hostel,Pune,Working Professional Hub,4-5,Pickup service,2,1166.0,No machine access,5,160,3,5,4,5,5,5,1
C1086,18-24,Working Professional,Rented (alone/family),Pune,Student/PG-dense,6+,Local laundromat,5,494.0,Distance,5,160,2,4,4,3,3,2,0
C1087,45-54,Student,Rented (alone/family),Pune,Residential Township,1,Wash at home,1,579.0,Cost,15,160,3,3,3,3,3,4,0
C1088,45-54,Student,Rented (alone/family),Pune,IT Park Hub,2-3,Local laundromat,4,834.0,No machine access,5,120,2,4,5,5,5,4,1
C1089,18-24,Student,Rented (shared),Hyderabad,IT Park Hub,2-3,Wash at home,5,1232.0,Time constraint,10,260,3,5,5,5,5,5,1
C1090,35-44,Working Professional,Other,Pune,IT Park Hub,1,Domestic help,2,998.0,No machine access,20,160,6,5,5,5,5,5,1
C1091,18-24,Self-employed,Own apartment,Bangalore,Working Professional Hub,1,Domestic help,6,958.0,Distance,5,200,1,3,3,2,2,2,0
C1092,25-34,Student,Rented (alone/family),Mumbai,Student/PG-dense,4-5,Local laundromat,3,882.0,Cost,20,160,0,3,5,3,3,4,1
C1093,35-44,Student,Rented (alone/family),Pune,Residential Township,4-5,Wash at home,6,505.0,Distance,20,120,1,1,3,1,1,2,0
C1094,18-24,Student,Rented (alone/family),Mumbai,Residential Township,2-3,Domestic help,4,838.0,No machine access,10,160,1,5,5,4,5,5,1
C1095,35-44,Other,PG/Hostel,Pune,Mixed Residential-Commercial,2-3,Wash at home,2,796.0,Time constraint,5,160,0,5,3,2,5,5,1
C1096,35-44,Student,Rented (shared),Mumbai,Student/PG-dense,2-3,Local laundromat,2,435.0,Time constraint,10,160,1,5,5,5,5,5,1
C1097,25-34,Self-employed,PG/Hostel,Pune,Residential Township,1,Wash at home,2,1571.0,No machine access,10,160,3,5,5,5,5,5,1
C1098,18-24,Working Professional,Rented (alone/family),Pune,Working Professional Hub,2-3,Domestic help,1,627.0,Quality/damage,10,160,2,5,5,5,5,5,1
C1099,18-24,Working Professional,Rented (alone/family),Pune,Residential Township,1,Wash at home,1,439.0,Distance,5,120,6,5,4,4,5,4,1
C1100,25-34,Student,Rented (shared),Mumbai,Working Professional Hub,1,Local laundromat,1,671.0,Time constraint,20,160,1,4,3,4,5,5,1
C1101,55+,Student,Other,Hyderabad,Working Professional Hub,6+,Domestic help,3,725.0,No machine access,5,120,2,3,3,2,3,3,0
C1102,25-34,Working Professional,Own apartment,Pune,Residential Township,2-3,Local laundromat,4,786.0,No machine access,15,120,3,5,5,4,5,5,1
C1103,18-24,Self-employed,Own apartment,Bangalore,Working Professional Hub,4-5,Wash at home,1,720.0,No machine access,5,260,0,2,4,2,3,3,0
C1104,25-34,Working Professional,Rented (alone/family),Bangalore,Student/PG-dense,2-3,Other,1,805.0,Time constraint,10,160,6,5,5,5,5,5,1
C1105,25-34,Working Professional,Own apartment,Ahmedabad,IT Park Hub,2-3,Local laundromat,3,863.0,Time constraint,20,160,3,4,5,4,5,4,1
C1106,35-44,Student,PG/Hostel,Hyderabad,Student/PG-dense,1,Pickup service,2,844.0,Time constraint,5,160,1,5,5,5,5,5,1
C1107,18-24,Other,Own apartment,Mumbai,Residential Township,1,Wash at home,1,955.0,Time constraint,5,260,0,4,2,4,4,5,1
C1108,35-44,Self-employed,PG/Hostel,Bangalore,Mixed Residential-Commercial,1,Local laundromat,2,979.0,Time constraint,15,160,2,4,4,4,3,5,1
C1109,25-34,Student,Own apartment,Hyderabad,Student/PG-dense,4-5,Local laundromat,5,989.0,Time constraint,15,200,6,5,5,5,5,4,1
C1110,55+,Other,Rented (shared),Pune,Student/PG-dense,4-5,Wash at home,4,1094.0,Cost,15,120,2,4,3,3,3,4,0
C1111,25-34,Working Professional,Own apartment,Pune,Student/PG-dense,2-3,Wash at home,2,599.0,No machine access,10,260,1,5,5,4,5,5,1
C1112,25-34,Working Professional,Own apartment,Pune,Mixed Residential-Commercial,2-3,Domestic help,4,608.0,Inconsistent timing,5,200,0,4,4,4,4,4,0
C1113,45-54,Self-employed,PG/Hostel,Hyderabad,IT Park Hub,6+,Wash at home,3,1234.0,Time constraint,20,200,5,4,4,3,4,4,1
C1114,18-24,Self-employed,Rented (alone/family),Hyderabad,Residential Township,1,Wash at home,4,679.0,No machine access,20,120,4,4,3,4,4,3,0
C1115,45-54,Working Professional,Other,Pune,IT Park Hub,2-3,Local laundromat,4,768.0,No machine access,10,120,1,5,4,5,5,5,1
C1116,35-44,Student,Rented (alone/family),Mumbai,Student/PG-dense,2-3,Domestic help,3,740.0,Time constraint,15,120,3,5,5,5,5,5,1
C1117,18-24,Working Professional,Own apartment,Mumbai,Student/PG-dense,4-5,Wash at home,2,1946.0,Distance,10,120,3,4,4,5,5,5,1
C1118,18-24,Homemaker,Rented (alone/family),Pune,IT Park Hub,6+,Pickup service,1,558.0,Time constraint,10,200,5,5,5,5,5,5,1
C1119,35-44,Student,Rented (shared),Ahmedabad,Residential Township,1,Wash at home,3,553.0,Inconsistent timing,5,90,2,4,3,3,3,3,0
C1120,18-24,Working Professional,Rented (shared),Pune,Working Professional Hub,4-5,Wash at home,5,806.0,Distance,10,90,1,5,5,4,5,5,1
C1121,25-34,Working Professional,PG/Hostel,Pune,Mixed Residential-Commercial,4-5,Wash at home,3,749.0,Cost,10,120,0,5,5,3,5,4,1
C1122,25-34,Working Professional,Own apartment,Mumbai,IT Park Hub,1,Domestic help,5,492.0,Cost,5,120,2,3,4,3,5,4,0
C1123,25-34,Working Professional,Rented (shared),Bangalore,IT Park Hub,2-3,Wash at home,6,779.0,Quality/damage,10,120,1,5,5,5,5,5,1
C1124,18-24,Homemaker,Rented (alone/family),Pune,Working Professional Hub,2-3,Wash at home,2,816.0,No machine access,15,200,1,5,4,5,4,4,1
C1125,45-54,Student,Rented (alone/family),Bangalore,Working Professional Hub,6+,Local laundromat,4,651.0,Cost,15,160,1,3,3,4,3,4,0
C1126,55+,Student,Rented (alone/family),Mumbai,Mixed Residential-Commercial,1,Domestic help,4,759.0,Time constraint,10,90,3,5,5,5,5,5,1
C1127,55+,Student,Own apartment,Pune,Student/PG-dense,4-5,Wash at home,6,580.0,Time constraint,20,160,6,5,4,4,5,5,1
C1128,35-44,Homemaker,Other,Pune,Student/PG-dense,2-3,Local laundromat,6,493.0,No machine access,5,160,2,5,5,5,5,5,1
C1129,18-24,Working Professional,Rented (shared),Mumbai,Working Professional Hub,4-5,Wash at home,4,677.0,Cost,10,90,0,1,2,3,3,3,0
C1130,35-44,Student,Own apartment,Pune,IT Park Hub,2-3,Local laundromat,2,523.0,Distance,15,160,1,3,3,3,4,4,0
C1131,18-24,Self-employed,Own apartment,Ahmedabad,Working Professional Hub,2-3,Pickup service,4,455.0,Time constraint,10,200,2,5,5,5,5,5,1
C1132,18-24,Homemaker,Rented (alone/family),Hyderabad,Student/PG-dense,4-5,Pickup service,1,355.0,Distance,10,200,4,5,5,3,5,5,1
C1133,25-34,Homemaker,Other,Ahmedabad,Working Professional Hub,4-5,Wash at home,4,888.0,Time constraint,5,200,5,4,4,5,5,5,1
C1134,25-34,Homemaker,PG/Hostel,Pune,Working Professional Hub,4-5,Wash at home,5,668.0,No machine access,15,90,1,4,3,3,4,4,1
C1135,35-44,Student,PG/Hostel,Ahmedabad,Student/PG-dense,1,Wash at home,2,1237.0,No machine access,10,260,2,5,5,5,5,5,1
C1136,35-44,Self-employed,Own apartment,Pune,Mixed Residential-Commercial,4-5,Wash at home,3,339.0,No machine access,15,200,3,5,5,4,5,5,1
C1137,25-34,Working Professional,Rented (alone/family),Pune,Residential Township,1,Wash at home,3,691.0,Time constraint,10,260,4,4,5,4,4,4,1
C1138,18-24,Homemaker,Own apartment,Pune,Student/PG-dense,2-3,Domestic help,3,886.0,No machine access,15,90,2,4,5,4,4,5,1
C1139,55+,Self-employed,Own apartment,Pune,Working Professional Hub,2-3,Other,2,614.0,Distance,15,260,2,5,3,5,5,5,0
C1140,25-34,Self-employed,PG/Hostel,Bangalore,Working Professional Hub,2-3,Other,4,796.0,No machine access,15,200,2,5,5,5,5,5,1
C1141,25-34,Working Professional,Own apartment,Mumbai,Residential Township,2-3,Domestic help,6,356.0,No machine access,10,200,0,5,4,4,5,5,1
C1142,18-24,Student,Rented (alone/family),Pune,Working Professional Hub,6+,Pickup service,6,673.0,Distance,10,90,5,5,5,5,5,5,1
C1143,35-44,Working Professional,Rented (alone/family),Mumbai,IT Park Hub,1,Domestic help,2,559.0,Quality/damage,15,200,2,3,3,3,4,3,0
C1144,35-44,Other,Rented (alone/family),Pune,Residential Township,4-5,Wash at home,5,1183.0,No machine access,10,260,3,3,3,4,3,3,0
C1145,18-24,Homemaker,Own apartment,Mumbai,IT Park Hub,2-3,Pickup service,4,863.0,Time constraint,10,160,1,4,4,4,4,3,0
C1146,18-24,Student,PG/Hostel,Pune,Mixed Residential-Commercial,1,Local laundromat,2,1113.0,Distance,5,160,1,5,5,5,5,5,1
C1147,35-44,Student,Rented (alone/family),Hyderabad,Residential Township,1,Local laundromat,1,1296.0,Cost,20,260,5,5,3,3,5,2,0
C1148,25-34,Student,Own apartment,Hyderabad,Student/PG-dense,6+,Domestic help,2,651.0,Time constraint,5,160,2,5,5,4,5,5,1
C1149,18-24,Self-employed,Own apartment,Mumbai,Working Professional Hub,4-5,Wash at home,5,848.0,Time constraint,10,160,1,4,5,4,5,5,1
C1150,55+,Self-employed,Own apartment,Pune,Student/PG-dense,6+,Wash at home,3,504.0,Distance,10,160,1,5,5,5,5,4,1
C1151,18-24,Student,PG/Hostel,Pune,Working Professional Hub,6+,Domestic help,4,942.0,Time constraint,10,260,2,5,4,4,4,4,1
C1152,25-34,Working Professional,Rented (shared),Hyderabad,Residential Township,1,Wash at home,2,1000.0,Inconsistent timing,15,90,3,4,3,3,4,3,0
C1153,45-54,Homemaker,Rented (shared),Pune,Residential Township,2-3,Local laundromat,4,915.0,Time constraint,5,160,4,5,5,4,5,5,1
C1154,25-34,Self-employed,Own apartment,Pune,Residential Township,4-5,Domestic help,1,650.0,Distance,10,160,1,5,3,3,4,4,1
C1155,25-34,Working Professional,Rented (shared),Pune,Residential Township,2-3,Pickup service,2,1636.0,No machine access,15,200,4,4,4,3,4,4,0
C1156,25-34,Working Professional,PG/Hostel,Mumbai,Student/PG-dense,2-3,Local laundromat,3,815.0,No machine access,15,160,3,5,5,5,5,5,1
C1157,18-24,Working Professional,Other,Mumbai,Mixed Residential-Commercial,2-3,Wash at home,1,2427.0,Distance,5,260,2,3,3,3,2,2,0
C1158,55+,Student,PG/Hostel,Hyderabad,Student/PG-dense,2-3,Wash at home,4,505.0,No machine access,15,260,5,5,5,5,5,5,1
C1159,25-34,Working Professional,Other,Pune,Student/PG-dense,2-3,Domestic help,2,1039.0,Cost,15,90,3,4,4,4,4,5,1
C1160,45-54,Working Professional,Own apartment,Pune,Residential Township,1,Local laundromat,4,1198.0,Time constraint,15,160,2,3,3,3,3,4,0
C1161,18-24,Homemaker,Own apartment,Hyderabad,Working Professional Hub,2-3,Local laundromat,3,509.0,Time constraint,10,90,4,5,5,5,5,5,1
C1162,18-24,Working Professional,Rented (shared),Hyderabad,Working Professional Hub,2-3,Wash at home,3,725.0,Time constraint,10,120,2,5,5,5,5,4,1
C1163,18-24,Self-employed,PG/Hostel,Pune,Working Professional Hub,2-3,Wash at home,1,436.0,Quality/damage,20,160,2,5,5,5,5,5,1
C1164,25-34,Student,Own apartment,Mumbai,IT Park Hub,1,Other,1,1317.0,Time constraint,15,260,3,5,4,4,5,5,1
C1165,25-34,Working Professional,Own apartment,Pune,IT Park Hub,4-5,Wash at home,5,775.0,Time constraint,10,200,5,5,5,5,5,5,1
C1166,45-54,Student,Own apartment,Ahmedabad,Working Professional Hub,1,Pickup service,2,560.0,No machine access,5,120,2,5,5,4,5,5,1
C1167,25-34,Student,PG/Hostel,Pune,Working Professional Hub,2-3,Wash at home,4,1205.0,Cost,10,90,2,5,4,4,4,3,1
C1168,55+,Self-employed,Own apartment,Ahmedabad,Student/PG-dense,4-5,Pickup service,6,805.0,Quality/damage,10,160,1,2,2,2,2,3,0
C1169,18-24,Other,Own apartment,Bangalore,Student/PG-dense,2-3,Domestic help,2,1135.0,Time constraint,5,160,4,5,5,5,4,5,1
C1170,45-54,Student,Own apartment,Mumbai,Working Professional Hub,1,Pickup service,2,967.0,Time constraint,5,120,2,5,5,4,4,4,1
C1171,35-44,Working Professional,Own apartment,Pune,Mixed Residential-Commercial,4-5,Wash at home,4,530.0,Inconsistent timing,15,200,2,4,4,4,4,4,0
C1172,35-44,Self-employed,Own apartment,Mumbai,Mixed Residential-Commercial,2-3,Pickup service,6,641.0,Time constraint,5,260,1,4,4,4,3,4,0
C1173,45-54,Student,Rented (alone/family),Pune,Working Professional Hub,4-5,Domestic help,5,566.0,Distance,15,160,0,3,3,4,3,2,0
C1174,35-44,Working Professional,PG/Hostel,Pune,Working Professional Hub,4-5,Local laundromat,3,491.0,Distance,5,200,1,5,5,5,5,5,1
C1175,25-34,Self-employed,Rented (alone/family),Bangalore,IT Park Hub,2-3,Domestic help,4,393.0,Distance,10,120,1,4,3,4,3,3,0
C1176,18-24,Working Professional,PG/Hostel,Ahmedabad,Mixed Residential-Commercial,2-3,Pickup service,1,1781.0,Time constraint,5,200,4,5,5,5,5,5,1
C1177,18-24,Student,Rented (shared),Mumbai,Mixed Residential-Commercial,1,Domestic help,6,908.0,Distance,5,160,1,4,5,5,4,4,1
C1178,45-54,Working Professional,Rented (shared),Bangalore,Residential Township,1,Pickup service,6,965.0,Distance,15,120,3,3,3,4,4,4,0
C1179,25-34,Self-employed,PG/Hostel,Pune,Working Professional Hub,2-3,Wash at home,2,1263.0,Cost,15,260,4,4,4,4,4,5,0
C1180,35-44,Working Professional,Rented (shared),Pune,IT Park Hub,2-3,Wash at home,2,639.0,No machine access,5,160,3,5,4,4,5,4,1
C1181,25-34,Student,PG/Hostel,Pune,IT Park Hub,2-3,Wash at home,1,448.0,Time constraint,10,200,1,5,5,5,5,5,1
C1182,18-24,Self-employed,Own apartment,Mumbai,Residential Township,2-3,Domestic help,2,1092.0,Time constraint,10,120,3,5,5,4,5,5,1
C1183,18-24,Student,Own apartment,Ahmedabad,Mixed Residential-Commercial,1,Domestic help,4,477.0,No machine access,15,90,2,4,5,5,5,5,1
C1184,35-44,Self-employed,PG/Hostel,Bangalore,Student/PG-dense,2-3,Pickup service,2,1081.0,Cost,15,90,2,4,5,5,5,4,1
C1185,25-34,Student,Other,Pune,Student/PG-dense,2-3,Wash at home,1,422.0,No machine access,10,160,1,5,4,4,4,4,1
C1186,18-24,Other,Rented (alone/family),Pune,Mixed Residential-Commercial,4-5,Wash at home,2,463.0,No machine access,15,160,1,3,4,5,4,5,1
C1187,25-34,Working Professional,Rented (shared),Mumbai,Student/PG-dense,1,Domestic help,6,613.0,No machine access,15,120,4,5,5,5,5,5,1
C1188,18-24,Working Professional,PG/Hostel,Pune,Working Professional Hub,2-3,Local laundromat,3,1064.0,Cost,5,160,2,5,5,4,5,5,1
C1189,25-34,Student,Rented (alone/family),Hyderabad,IT Park Hub,6+,Wash at home,3,1540.0,Inconsistent timing,10,160,2,5,5,5,5,5,1
C1190,18-24,Working Professional,Own apartment,Hyderabad,Residential Township,1,Pickup service,2,964.0,Time constraint,20,200,2,4,4,2,4,3,0
C1191,35-44,Homemaker,Own apartment,Mumbai,Student/PG-dense,2-3,Wash at home,6,623.0,No machine access,15,160,1,2,4,3,2,4,0
C1192,18-24,Other,PG/Hostel,Pune,Residential Township,1,Wash at home,4,1176.0,Time constraint,10,260,4,3,3,2,2,3,0
C1193,25-34,Working Professional,PG/Hostel,Pune,Student/PG-dense,4-5,Local laundromat,2,417.0,Cost,10,160,3,5,5,5,5,5,1
C1194,18-24,Working Professional,Rented (shared),Pune,Residential Township,2-3,Wash at home,1,541.0,Quality/damage,10,160,2,5,3,4,4,4,1
C1195,18-24,Self-employed,Rented (shared),Pune,Residential Township,2-3,Other,1,838.0,Inconsistent timing,10,120,2,3,4,3,2,3,0
C1196,25-34,Homemaker,Rented (shared),Pune,Residential Township,2-3,Wash at home,1,1108.0,Time constraint,15,120,5,5,5,5,5,4,1
C1197,25-34,Working Professional,Rented (shared),Bangalore,Residential Township,6+,Wash at home,3,741.0,Inconsistent timing,10,90,3,3,3,4,3,4,1
C1198,25-34,Working Professional,Own apartment,Bangalore,Student/PG-dense,1,Wash at home,5,708.0,Time constraint,15,160,4,4,4,4,5,4,1
C1199,18-24,Working Professional,Own apartment,Pune,Student/PG-dense,1,Domestic help,3,725.0,Cost,15,120,2,5,5,4,5,5,1
C1200,35-44,Working Professional,Rented (shared),Pune,IT Park Hub,4-5,Local laundromat,5,1258.0,Time constraint,5,120,5,4,4,4,4,4,0
C1201,45-54,Student,Own apartment,Pune,Residential Township,2-3,Pickup service,3,581.0,Distance,10,200,3,2,3,3,3,3,0
C1202,35-44,Working Professional,Rented (shared),Pune,Residential Township,6+,Wash at home,4,527.0,Cost,10,120,6,4,5,3,4,5,1
C1203,18-24,Working Professional,Rented (alone/family),Hyderabad,Residential Township,2-3,Wash at home,4,720.0,Quality/damage,15,120,4,4,5,5,5,5,1
C1204,25-34,Self-employed,Rented (shared),Pune,Residential Township,4-5,Local laundromat,2,1333.0,Distance,5,120,1,3,3,4,4,2,0
C1205,18-24,Student,Rented (alone/family),Pune,Mixed Residential-Commercial,2-3,Domestic help,2,609.0,Time constraint,10,200,1,5,4,5,5,5,1
C1206,18-24,Working Professional,Other,Pune,Working Professional Hub,4-5,Domestic help,3,724.0,Time constraint,15,120,2,5,4,5,5,5,1
C1207,55+,Working Professional,Rented (alone/family),Hyderabad,Working Professional Hub,6+,Wash at home,1,414.0,Distance,10,160,2,1,3,3,1,2,0
C1208,18-24,Working Professional,Rented (shared),Mumbai,Residential Township,2-3,Local laundromat,2,737.0,No machine access,20,160,3,5,5,5,5,5,1
C1209,25-34,Student,Rented (alone/family),Pune,Residential Township,1,Domestic help,3,890.0,Time constraint,20,160,3,5,5,5,5,5,1
C1210,25-34,Working Professional,PG/Hostel,Mumbai,IT Park Hub,1,Local laundromat,6,477.0,No machine access,5,160,2,5,5,5,5,5,1
C1211,35-44,Working Professional,Own apartment,Bangalore,IT Park Hub,1,Domestic help,3,1259.0,Cost,5,200,2,5,5,5,5,5,1
C1212,25-34,Working Professional,Rented (alone/family),Ahmedabad,Working Professional Hub,1,Wash at home,4,885.0,Time constraint,20,90,4,5,5,5,5,5,1
C1213,18-24,Working Professional,Rented (alone/family),Pune,Residential Township,2-3,Domestic help,3,647.0,Time constraint,20,120,2,5,4,4,5,5,1
C1214,25-34,Working Professional,Rented (alone/family),Hyderabad,Working Professional Hub,2-3,Domestic help,4,888.0,Time constraint,5,120,3,4,5,5,5,5,1
C1215,25-34,Self-employed,Rented (alone/family),Ahmedabad,Residential Township,2-3,Other,3,988.0,No machine access,5,120,2,3,3,4,3,5,0
C1216,18-24,Student,PG/Hostel,Hyderabad,Residential Township,2-3,Pickup service,5,372.0,Distance,5,120,5,5,5,4,5,5,1
C1217,25-34,Homemaker,Own apartment,Bangalore,Mixed Residential-Commercial,2-3,Wash at home,3,902.0,Inconsistent timing,20,120,3,4,3,4,3,3,0
C1218,18-24,Working Professional,Rented (shared),Mumbai,IT Park Hub,1,Domestic help,3,1313.0,Cost,5,160,6,5,5,4,5,4,1
C1219,18-24,Student,Own apartment,Pune,IT Park Hub,1,Wash at home,3,578.0,Time constraint,10,160,1,3,3,4,3,4,0
C1220,25-34,Student,Own apartment,Bangalore,Working Professional Hub,1,Wash at home,3,653.0,Inconsistent timing,15,120,5,5,5,5,5,5,1
C1221,18-24,Working Professional,Own apartment,Mumbai,Working Professional Hub,2-3,Domestic help,1,697.0,No machine access,5,200,2,5,4,5,4,5,1
C1222,25-34,Self-employed,Rented (alone/family),Bangalore,IT Park Hub,1,Domestic help,1,1113.0,Time constraint,10,120,5,4,5,5,5,4,1
C1223,35-44,Self-employed,Rented (alone/family),Pune,Student/PG-dense,2-3,Domestic help,1,509.0,Inconsistent timing,5,120,2,5,5,5,5,4,1
C1224,35-44,Self-employed,PG/Hostel,Bangalore,Student/PG-dense,2-3,Wash at home,5,969.0,Distance,15,160,0,4,4,5,5,4,1
C1225,18-24,Working Professional,Own apartment,Hyderabad,Residential Township,4-5,Domestic help,2,703.0,Quality/damage,5,90,2,2,2,3,3,3,0
C1226,18-24,Working Professional,Rented (shared),Pune,IT Park Hub,1,Domestic help,2,1572.0,Quality/damage,15,90,3,5,5,3,5,5,1
C1227,18-24,Student,Rented (alone/family),Hyderabad,Working Professional Hub,4-5,Wash at home,4,720.0,Time constraint,15,160,1,3,3,3,4,3,0
C1228,25-34,Working Professional,Rented (shared),Mumbai,Mixed Residential-Commercial,4-5,Local laundromat,2,305.0,Time constraint,5,260,3,5,5,5,5,5,1
C1229,35-44,Working Professional,PG/Hostel,Hyderabad,IT Park Hub,4-5,Wash at home,3,1045.0,Quality/damage,5,200,0,4,4,4,3,5,1
C1230,18-24,Student,Rented (alone/family),Pune,IT Park Hub,6+,Wash at home,2,948.0,Time constraint,10,90,1,5,5,4,5,5,1
C1231,45-54,Student,PG/Hostel,Pune,Residential Township,1,Other,6,869.0,No machine access,5,200,2,5,4,4,4,5,0
C1232,18-24,Working Professional,Own apartment,Hyderabad,IT Park Hub,1,Pickup service,5,1297.0,Distance,15,200,2,3,3,4,3,2,0
C1233,25-34,Self-employed,Rented (shared),Pune,Residential Township,4-5,Domestic help,5,392.0,Distance,15,160,0,4,3,4,4,3,0
C1234,35-44,Other,PG/Hostel,Hyderabad,Working Professional Hub,2-3,Other,3,545.0,No machine access,10,200,0,5,5,5,5,5,1
C1235,45-54,Homemaker,Rented (alone/family),Mumbai,Residential Township,2-3,Wash at home,4,794.0,Distance,10,160,3,4,4,4,4,4,1
C1236,35-44,Working Professional,PG/Hostel,Mumbai,Student/PG-dense,4-5,Domestic help,1,850.0,Distance,10,120,3,4,4,4,4,4,1
C1237,35-44,Working Professional,Rented (shared),Pune,Residential Township,4-5,Local laundromat,1,747.0,Quality/damage,15,160,1,5,4,5,5,5,1
C1238,25-34,Working Professional,Own apartment,Mumbai,Working Professional Hub,6+,Domestic help,1,417.0,Time constraint,10,160,2,5,4,4,4,4,1
C1239,35-44,Self-employed,PG/Hostel,Pune,Mixed Residential-Commercial,6+,Wash at home,3,655.0,Time constraint,5,160,4,5,5,5,5,5,1
C1240,18-24,Student,Own apartment,Pune,Residential Township,4-5,Other,3,1523.0,No machine access,5,160,4,5,4,4,5,5,1
C1241,45-54,Working Professional,PG/Hostel,Pune,IT Park Hub,2-3,Wash at home,3,500.0,Time constraint,10,260,2,5,5,5,5,5,1
C1242,25-34,Homemaker,Rented (shared),Pune,Working Professional Hub,4-5,Wash at home,1,787.0,Time constraint,10,260,1,5,5,5,5,5,1
C1243,35-44,Working Professional,Own apartment,Ahmedabad,Residential Township,1,Domestic help,3,970.0,Time constraint,10,200,3,3,3,3,3,3,0
C1244,25-34,Working Professional,Rented (shared),Ahmedabad,Student/PG-dense,1,Local laundromat,4,1099.0,No machine access,5,200,2,5,4,5,5,4,1
C1245,25-34,Working Professional,PG/Hostel,Pune,Residential Township,6+,Pickup service,3,1043.0,Inconsistent timing,15,260,0,4,4,4,3,3,0
C1246,25-34,Student,Rented (shared),Bangalore,IT Park Hub,1,Local laundromat,4,636.0,Time constraint,5,90,2,5,5,5,5,5,1
C1247,35-44,Working Professional,Rented (shared),Pune,IT Park Hub,1,Domestic help,2,544.0,Quality/damage,5,120,6,5,4,5,5,5,1
C1248,18-24,Working Professional,Own apartment,Bangalore,IT Park Hub,1,Wash at home,4,1578.0,Quality/damage,10,160,1,5,5,5,5,5,1
C1249,18-24,Student,Rented (shared),Hyderabad,Student/PG-dense,4-5,Wash at home,3,1145.0,Time constraint,5,200,4,5,5,5,5,5,1
C1250,18-24,Student,Own apartment,Ahmedabad,Working Professional Hub,2-3,Wash at home,2,818.0,Inconsistent timing,10,160,1,4,5,4,4,3,1
C1251,18-24,Homemaker,Own apartment,Pune,Residential Township,4-5,Local laundromat,2,1394.0,Cost,10,200,2,4,3,3,3,3,1
C1252,45-54,Student,Rented (alone/family),Bangalore,Student/PG-dense,1,Wash at home,3,414.0,No machine access,10,120,1,4,4,4,4,4,1
C1253,18-24,Working Professional,Own apartment,Pune,IT Park Hub,4-5,Wash at home,4,449.0,Distance,10,120,1,5,4,4,4,4,1
C1254,55+,Student,Rented (shared),Ahmedabad,Student/PG-dense,4-5,Local laundromat,3,308.0,Time constraint,5,200,5,5,4,5,4,4,1
C1255,25-34,Homemaker,Other,Pune,Student/PG-dense,2-3,Wash at home,2,846.0,Quality/damage,5,120,2,4,4,4,5,4,0
C1256,18-24,Student,PG/Hostel,Mumbai,Mixed Residential-Commercial,2-3,Pickup service,5,863.0,Time constraint,15,120,4,5,5,5,5,5,1
C1257,35-44,Working Professional,Own apartment,Bangalore,IT Park Hub,1,Domestic help,4,433.0,Distance,10,120,4,4,2,4,5,4,0
C1258,25-34,Homemaker,Rented (alone/family),Bangalore,Working Professional Hub,6+,Wash at home,3,1127.0,No machine access,10,120,2,4,4,3,4,4,0
C1259,25-34,Homemaker,Rented (shared),Pune,Student/PG-dense,4-5,Pickup service,3,349.0,Cost,5,200,3,3,3,4,3,4,0
C1260,25-34,Student,Rented (alone/family),Ahmedabad,Working Professional Hub,6+,Pickup service,2,923.0,Time constraint,10,120,2,4,4,4,5,5,1
C1261,35-44,Self-employed,Own apartment,Pune,Residential Township,2-3,Local laundromat,3,1012.0,Quality/damage,10,160,4,3,4,5,4,3,0
C1262,18-24,Working Professional,PG/Hostel,Mumbai,Mixed Residential-Commercial,4-5,Domestic help,2,842.0,Distance,10,90,1,5,5,5,5,4,1
C1263,55+,Working Professional,PG/Hostel,Pune,Mixed Residential-Commercial,4-5,Local laundromat,6,410.0,No machine access,15,200,3,5,5,4,5,4,1
C1264,55+,Student,Own apartment,Pune,IT Park Hub,4-5,Local laundromat,3,1291.0,Cost,5,120,3,4,5,4,5,5,1
C1265,25-34,Student,Own apartment,Mumbai,Residential Township,6+,Wash at home,3,645.0,No machine access,5,160,3,4,5,4,5,5,1
C1266,18-24,Self-employed,Other,Pune,Working Professional Hub,2-3,Pickup service,3,645.0,Distance,15,200,2,5,4,5,3,4,1
C1267,35-44,Working Professional,Own apartment,Pune,Student/PG-dense,1,Pickup service,5,594.0,No machine access,20,120,3,5,4,4,5,4,1
C1268,18-24,Working Professional,Other,Pune,Mixed Residential-Commercial,4-5,Wash at home,4,1058.0,Distance,5,200,2,4,5,4,4,4,1
C1269,18-24,Self-employed,Own apartment,Pune,Residential Township,4-5,Wash at home,3,632.0,Distance,10,160,5,5,4,4,5,5,1
C1270,18-24,Self-employed,Rented (shared),Bangalore,Residential Township,2-3,Other,4,481.0,No machine access,5,160,3,5,5,5,5,5,1
C1271,25-34,Student,PG/Hostel,Hyderabad,Mixed Residential-Commercial,1,Local laundromat,3,1183.0,Time constraint,5,120,3,5,5,4,5,5,1
C1272,45-54,Working Professional,Own apartment,Pune,Working Professional Hub,2-3,Local laundromat,3,779.0,No machine access,10,260,3,5,5,5,5,5,1
C1273,35-44,Student,Rented (alone/family),Pune,IT Park Hub,2-3,Domestic help,2,1201.0,Distance,5,200,3,5,4,4,4,4,0
C1274,35-44,Self-employed,PG/Hostel,Pune,Mixed Residential-Commercial,2-3,Domestic help,3,803.0,Time constraint,15,120,0,5,5,4,5,4,1
C1275,25-34,Working Professional,Rented (shared),Pune,Residential Township,4-5,Pickup service,2,578.0,Cost,10,120,6,5,4,5,5,5,1
C1276,25-34,Other,Other,Bangalore,Student/PG-dense,4-5,Domestic help,5,368.0,Distance,5,200,3,3,3,3,4,2,0
C1277,25-34,Student,Rented (alone/family),Mumbai,Residential Township,1,Domestic help,2,848.0,No machine access,5,160,2,5,5,5,5,5,1
C1278,55+,Student,Rented (alone/family),Pune,Working Professional Hub,2-3,Local laundromat,6,698.0,Cost,15,200,3,4,4,3,4,4,1
C1279,18-24,Student,Rented (alone/family),Pune,Student/PG-dense,1,Local laundromat,3,1077.0,Time constraint,5,160,0,5,3,5,4,5,1
C1280,45-54,Student,PG/Hostel,Pune,Working Professional Hub,1,Local laundromat,3,620.0,Time constraint,10,200,2,5,4,5,5,5,1
C1281,25-34,Student,Rented (shared),Hyderabad,Mixed Residential-Commercial,4-5,Other,3,935.0,Distance,10,120,2,4,4,4,5,5,0
C1282,25-34,Homemaker,Rented (shared),Ahmedabad,IT Park Hub,6+,Pickup service,1,790.0,Time constraint,10,120,1,5,5,4,5,5,1
C1283,35-44,Student,PG/Hostel,Pune,Working Professional Hub,2-3,Wash at home,2,558.0,Time constraint,10,160,3,4,5,4,4,4,1
C1284,25-34,Student,Own apartment,Pune,Residential Township,4-5,Domestic help,1,641.0,Distance,5,260,3,5,5,5,5,5,1
C1285,45-54,Self-employed,Rented (shared),Hyderabad,Working Professional Hub,6+,Local laundromat,3,446.0,No machine access,5,120,2,5,5,4,4,5,1
C1286,45-54,Working Professional,Own apartment,Ahmedabad,Working Professional Hub,4-5,Wash at home,3,1626.0,Inconsistent timing,5,160,1,2,2,4,3,3,0
C1287,25-34,Self-employed,Own apartment,Pune,Residential Township,1,Local laundromat,4,927.0,Inconsistent timing,10,160,3,4,3,3,3,3,0
C1288,18-24,Student,PG/Hostel,Pune,Working Professional Hub,6+,Local laundromat,2,434.0,Time constraint,15,160,5,5,5,5,5,5,1
C1289,25-34,Working Professional,Own apartment,Pune,IT Park Hub,2-3,Domestic help,2,1589.0,Time constraint,5,200,2,5,5,5,4,4,1
C1290,45-54,Student,Rented (alone/family),Mumbai,Student/PG-dense,2-3,Wash at home,3,497.0,Quality/damage,5,200,1,5,4,5,5,5,0
C1291,18-24,Student,Own apartment,Pune,Student/PG-dense,1,Domestic help,5,616.0,No machine access,10,90,1,5,5,4,5,4,1
C1292,25-34,Homemaker,PG/Hostel,Pune,Student/PG-dense,2-3,Local laundromat,4,719.0,Time constraint,10,260,4,5,5,4,4,3,1
C1293,25-34,Student,Own apartment,Mumbai,Residential Township,1,Wash at home,3,797.0,Quality/damage,20,200,5,5,4,5,5,5,1
C1294,35-44,Working Professional,Rented (alone/family),Pune,Residential Township,1,Other,3,1064.0,Time constraint,10,200,1,5,5,4,5,5,1
C1295,18-24,Working Professional,Rented (shared),Bangalore,Student/PG-dense,2-3,Local laundromat,1,338.0,Distance,10,160,0,4,5,3,4,5,1
C1296,35-44,Working Professional,PG/Hostel,Pune,IT Park Hub,4-5,Wash at home,6,803.0,Time constraint,10,200,2,5,5,5,5,5,1
C1297,45-54,Homemaker,Own apartment,Pune,Residential Township,4-5,Local laundromat,4,704.0,Time constraint,20,90,4,5,5,5,4,3,0
C1298,18-24,Student,Own apartment,Mumbai,Student/PG-dense,2-3,Domestic help,2,854.0,Time constraint,15,120,1,5,5,5,4,4,1
C1299,18-24,Working Professional,Rented (shared),Pune,Student/PG-dense,4-5,Wash at home,3,689.0,Inconsistent timing,10,200,4,5,3,5,5,4,1
C1300,55+,Other,Rented (alone/family),Ahmedabad,IT Park Hub,4-5,Wash at home,1,652.0,Quality/damage,5,120,1,2,3,2,2,2,0
C1301,18-24,Working Professional,Rented (shared),Mumbai,Residential Township,4-5,Wash at home,6,753.0,Distance,5,90,2,5,5,5,5,5,0
C1302,45-54,Homemaker,Own apartment,Pune,Student/PG-dense,1,Wash at home,2,1550.0,No machine access,10,200,1,3,4,4,4,3,1
C1303,25-34,Student,PG/Hostel,Bangalore,IT Park Hub,4-5,Domestic help,3,657.0,No machine access,15,200,2,5,5,5,5,5,1
C1304,18-24,Working Professional,Own apartment,Pune,Student/PG-dense,6+,Local laundromat,2,1266.0,Time constraint,10,120,4,5,5,5,5,5,1
C1305,45-54,Student,Rented (shared),Hyderabad,Student/PG-dense,4-5,Wash at home,4,839.0,No machine access,5,200,0,3,4,3,4,4,0
C1306,25-34,Self-employed,Rented (shared),Pune,Student/PG-dense,2-3,Wash at home,4,823.0,Cost,15,160,3,4,3,3,2,4,0
C1307,25-34,Other,PG/Hostel,Mumbai,IT Park Hub,2-3,Wash at home,4,857.0,Cost,15,160,1,4,5,4,4,3,1
C1308,25-34,Student,PG/Hostel,Pune,Residential Township,4-5,Domestic help,3,969.0,Time constraint,5,200,2,5,5,5,5,5,1
C1309,25-34,Working Professional,Rented (alone/family),Pune,Student/PG-dense,2-3,Wash at home,5,678.0,Inconsistent timing,15,160,1,4,4,4,4,4,1
C1310,18-24,Student,Rented (shared),Hyderabad,IT Park Hub,1,Other,1,1228.0,Time constraint,10,120,2,4,5,5,5,5,1
C1311,25-34,Working Professional,Own apartment,Hyderabad,Student/PG-dense,2-3,Local laundromat,2,970.0,Inconsistent timing,15,120,4,5,5,5,5,5,1
C1312,55+,Working Professional,PG/Hostel,Pune,Residential Township,4-5,Wash at home,2,461.0,Time constraint,15,160,3,4,4,2,5,5,1
C1313,18-24,Other,Rented (shared),Pune,Residential Township,4-5,Domestic help,6,306.0,No machine access,10,160,1,5,4,5,5,4,1
C1314,25-34,Working Professional,Rented (shared),Hyderabad,Mixed Residential-Commercial,1,Local laundromat,2,1529.0,No machine access,15,200,0,4,4,4,5,4,0
C1315,25-34,Working Professional,PG/Hostel,Ahmedabad,Student/PG-dense,6+,Domestic help,4,869.0,No machine access,15,200,3,5,5,5,5,5,1
C1316,35-44,Student,PG/Hostel,Pune,Mixed Residential-Commercial,2-3,Other,4,439.0,Cost,10,160,5,5,5,5,5,5,1
C1317,18-24,Student,Rented (shared),Mumbai,Student/PG-dense,4-5,Wash at home,2,657.0,No machine access,10,200,1,5,5,5,5,5,1
C1318,55+,Student,Rented (alone/family),Pune,IT Park Hub,4-5,Wash at home,2,1145.0,No machine access,15,120,3,3,3,4,4,3,0
C1319,25-34,Student,Rented (shared),Hyderabad,Student/PG-dense,4-5,Domestic help,2,735.0,Quality/damage,5,90,2,5,4,5,5,5,1
C1320,18-24,Homemaker,Rented (alone/family),Pune,Mixed Residential-Commercial,6+,Wash at home,3,762.0,Quality/damage,10,200,2,3,4,4,4,3,1
C1321,18-24,Working Professional,Rented (alone/family),Pune,IT Park Hub,2-3,Wash at home,2,1055.0,Distance,15,90,1,4,5,4,5,5,1
C1322,18-24,Working Professional,PG/Hostel,Bangalore,IT Park Hub,4-5,Wash at home,1,903.0,Time constraint,15,120,2,5,5,5,5,4,1
C1323,25-34,Student,Rented (alone/family),Pune,Residential Township,1,Wash at home,5,1000.0,Cost,10,160,2,5,5,3,4,5,1
C1324,25-34,Homemaker,Other,Mumbai,IT Park Hub,4-5,Domestic help,6,1050.0,Cost,5,160,2,5,3,3,3,3,1
C1325,35-44,Self-employed,Rented (alone/family),Pune,Student/PG-dense,4-5,Wash at home,2,585.0,No machine access,10,200,3,5,5,5,5,5,1
C1326,25-34,Student,Own apartment,Pune,Working Professional Hub,4-5,Local laundromat,2,607.0,No machine access,5,120,5,5,5,5,5,5,1
C1327,18-24,Self-employed,Rented (shared),Pune,Residential Township,1,Pickup service,1,557.0,No machine access,5,90,2,4,4,4,4,5,0
C1328,25-34,Working Professional,Own apartment,Mumbai,Working Professional Hub,4-5,Local laundromat,4,621.0,Time constraint,15,120,2,4,4,3,5,3,0
C1329,35-44,Student,Own apartment,Pune,Working Professional Hub,1,Wash at home,4,750.0,Time constraint,5,160,1,3,3,3,4,4,0
C1330,18-24,Working Professional,Rented (alone/family),Mumbai,Residential Township,1,Domestic help,1,773.0,Time constraint,10,120,3,5,5,5,5,5,1
C1331,18-24,Working Professional,Other,Hyderabad,Working Professional Hub,4-5,Wash at home,2,1375.0,Quality/damage,10,160,1,3,3,4,2,2,0
C1332,18-24,Student,PG/Hostel,Bangalore,Mixed Residential-Commercial,2-3,Domestic help,4,885.0,Quality/damage,20,200,3,4,4,4,4,5,1
C1333,35-44,Homemaker,PG/Hostel,Pune,IT Park Hub,4-5,Domestic help,3,756.0,Inconsistent timing,10,260,5,5,5,5,5,4,1
C1334,35-44,Homemaker,Own apartment,Pune,Residential Township,2-3,Local laundromat,1,509.0,Quality/damage,5,120,1,4,3,3,4,3,0
C1335,25-34,Working Professional,Own apartment,Pune,Residential Township,1,Local laundromat,3,695.0,Time constraint,5,160,4,5,5,5,5,5,1
C1336,45-54,Working Professional,PG/Hostel,Pune,Student/PG-dense,4-5,Local laundromat,2,1580.0,Distance,10,160,3,4,3,3,4,3,0
C1337,35-44,Working Professional,Rented (shared),Pune,Working Professional Hub,2-3,Local laundromat,2,1569.0,Distance,10,260,3,4,4,4,5,5,0
C1338,25-34,Working Professional,PG/Hostel,Bangalore,Student/PG-dense,1,Domestic help,4,692.0,No machine access,10,260,4,5,5,4,5,5,1
C1339,45-54,Working Professional,Rented (shared),Pune,Student/PG-dense,4-5,Domestic help,4,385.0,Cost,10,120,1,4,5,3,5,4,1
C1340,18-24,Student,Own apartment,Pune,Student/PG-dense,2-3,Wash at home,3,655.0,Inconsistent timing,5,200,1,5,4,4,5,5,1
C1341,18-24,Working Professional,Rented (alone/family),Pune,Working Professional Hub,2-3,Pickup service,6,1382.0,Cost,10,120,3,5,5,3,3,4,1
C1342,18-24,Self-employed,Rented (shared),Bangalore,Student/PG-dense,2-3,Domestic help,3,752.0,Inconsistent timing,10,90,3,5,5,5,5,5,1
C1343,18-24,Working Professional,Rented (shared),Pune,Working Professional Hub,4-5,Other,4,1056.0,Time constraint,5,90,2,5,4,3,5,5,1
C1344,25-34,Student,PG/Hostel,Bangalore,Mixed Residential-Commercial,4-5,Local laundromat,3,788.0,Time constraint,5,160,0,5,5,4,5,5,1
C1345,45-54,Self-employed,Rented (shared),Pune,IT Park Hub,4-5,Local laundromat,5,426.0,No machine access,5,160,2,5,5,5,4,5,1
C1346,18-24,Student,Rented (alone/family),Hyderabad,Working Professional Hub,1,Wash at home,5,800.0,Cost,5,90,3,4,2,3,2,3,1
C1347,18-24,Student,Other,Hyderabad,Working Professional Hub,4-5,Other,1,1115.0,Distance,10,160,0,4,4,3,3,4,0
C1348,25-34,Student,Own apartment,Pune,Residential Township,4-5,Wash at home,6,617.0,Inconsistent timing,5,120,2,5,4,4,4,4,0
C1349,45-54,Working Professional,PG/Hostel,Pune,Student/PG-dense,4-5,Pickup service,4,1102.0,No machine access,5,160,1,5,4,3,4,3,0
C1350,18-24,Self-employed,Own apartment,Pune,Residential Township,2-3,Wash at home,4,821.0,Time constraint,5,120,3,5,5,5,5,5,1
C1351,25-34,Working Professional,Own apartment,Pune,IT Park Hub,4-5,Wash at home,2,1078.0,Distance,20,120,0,4,3,5,5,4,1
C1352,18-24,Student,Own apartment,Bangalore,Working Professional Hub,4-5,Local laundromat,4,909.0,Cost,15,160,1,3,3,3,3,3,0
C1353,18-24,Homemaker,Rented (alone/family),Hyderabad,Student/PG-dense,1,Other,5,522.0,Time constraint,5,120,2,5,5,5,5,5,1
C1354,55+,Homemaker,Rented (shared),Bangalore,Student/PG-dense,2-3,Wash at home,2,698.0,No machine access,10,160,4,5,4,5,4,4,1
C1355,55+,Homemaker,Rented (shared),Hyderabad,Student/PG-dense,4-5,Pickup service,6,689.0,Quality/damage,5,120,2,4,5,5,5,4,1
C1356,18-24,Student,PG/Hostel,Pune,Student/PG-dense,1,Wash at home,1,605.0,Distance,10,160,0,5,5,3,5,4,0
C1357,55+,Working Professional,Rented (shared),Pune,Residential Township,6+,Wash at home,1,879.0,No machine access,5,120,4,5,5,5,5,5,1
C1358,25-34,Other,Rented (shared),Bangalore,Residential Township,4-5,Local laundromat,3,1706.0,No machine access,15,160,1,5,4,5,5,5,1
C1359,45-54,Self-employed,Rented (alone/family),Pune,Student/PG-dense,4-5,Local laundromat,3,1229.0,Inconsistent timing,10,200,3,2,3,3,3,3,0
C1360,25-34,Student,Own apartment,Bangalore,Working Professional Hub,1,Wash at home,3,1300.0,Quality/damage,15,90,1,3,2,4,2,2,0
C1361,25-34,Student,Rented (alone/family),Pune,Working Professional Hub,1,Wash at home,1,591.0,No machine access,5,160,3,4,4,4,3,4,0
C1362,25-34,Working Professional,PG/Hostel,Pune,Residential Township,6+,Wash at home,6,1309.0,Time constraint,15,90,4,5,5,4,5,4,1
C1363,35-44,Homemaker,Other,Ahmedabad,Working Professional Hub,2-3,Wash at home,1,1496.0,Quality/damage,15,160,2,4,3,3,3,4,1
C1364,18-24,Working Professional,Own apartment,Pune,Residential Township,4-5,Other,1,583.0,Time constraint,5,120,2,5,5,4,5,5,1
C1365,18-24,Working Professional,Own apartment,Ahmedabad,Mixed Residential-Commercial,2-3,Other,1,951.0,Time constraint,10,160,0,4,5,4,4,4,1
C1366,18-24,Student,Other,Ahmedabad,Working Professional Hub,1,Wash at home,3,961.0,Cost,5,160,3,4,3,2,3,3,0
C1367,35-44,Working Professional,Rented (alone/family),Bangalore,IT Park Hub,1,Pickup service,6,719.0,Time constraint,5,260,2,4,4,4,4,5,0
C1368,18-24,Homemaker,Other,Bangalore,Residential Township,2-3,Domestic help,4,850.0,Cost,5,160,3,4,5,4,4,4,1
C1369,35-44,Working Professional,PG/Hostel,Mumbai,Student/PG-dense,6+,Wash at home,4,981.0,Time constraint,10,160,2,5,5,5,4,5,1
C1370,55+,Self-employed,Rented (shared),Hyderabad,Working Professional Hub,2-3,Domestic help,1,739.0,Quality/damage,10,160,6,5,3,5,4,5,1
C1371,18-24,Other,Rented (shared),Pune,Mixed Residential-Commercial,2-3,Other,3,1204.0,Time constraint,20,260,2,4,4,2,2,3,1
C1372,35-44,Student,PG/Hostel,Mumbai,Mixed Residential-Commercial,2-3,Wash at home,3,462.0,Time constraint,5,200,2,5,5,5,5,5,1
C1373,25-34,Working Professional,PG/Hostel,Mumbai,Working Professional Hub,2-3,Wash at home,3,688.0,Time constraint,20,120,2,4,5,5,5,4,1
C1374,45-54,Student,Rented (alone/family),Pune,Mixed Residential-Commercial,2-3,Other,1,1064.0,Inconsistent timing,5,200,2,5,4,5,5,4,1
C1375,18-24,Self-employed,Own apartment,Pune,Mixed Residential-Commercial,4-5,Local laundromat,4,1625.0,Distance,15,160,5,5,4,4,4,4,1
C1376,35-44,Working Professional,Rented (alone/family),Pune,Student/PG-dense,2-3,Wash at home,3,1237.0,Time constraint,10,200,4,4,4,4,4,4,1
C1377,35-44,Working Professional,PG/Hostel,Mumbai,Mixed Residential-Commercial,2-3,Wash at home,4,843.0,Distance,5,200,1,5,4,5,4,4,1
C1378,45-54,Self-employed,Own apartment,Hyderabad,Working Professional Hub,1,Local laundromat,3,754.0,Cost,15,120,0,3,3,3,3,2,0
C1379,35-44,Working Professional,Rented (alone/family),Pune,IT Park Hub,6+,Pickup service,1,704.0,Inconsistent timing,10,200,0,3,2,4,4,4,0
C1380,25-34,Homemaker,Rented (shared),Ahmedabad,Residential Township,1,Domestic help,3,706.0,No machine access,15,120,5,5,4,4,5,4,1
C1381,25-34,Working Professional,Own apartment,Bangalore,Residential Township,1,Other,2,367.0,Quality/damage,10,120,4,4,3,5,5,4,1
C1382,45-54,Student,Rented (shared),Hyderabad,Mixed Residential-Commercial,4-5,Wash at home,5,1596.0,Time constraint,10,120,2,5,5,5,4,5,0
C1383,25-34,Working Professional,Rented (shared),Mumbai,Working Professional Hub,2-3,Local laundromat,3,777.0,No machine access,10,200,2,5,5,5,5,5,1
C1384,18-24,Self-employed,Own apartment,Bangalore,Student/PG-dense,2-3,Local laundromat,2,568.0,Inconsistent timing,15,120,5,4,4,3,3,3,1
C1385,45-54,Working Professional,Rented (shared),Pune,Student/PG-dense,2-3,Local laundromat,6,945.0,Cost,5,90,5,5,5,5,5,4,1
C1386,35-44,Homemaker,Rented (alone/family),Hyderabad,Mixed Residential-Commercial,4-5,Wash at home,3,586.0,Time constraint,15,200,4,4,4,3,4,4,1
C1387,35-44,Homemaker,Own apartment,Pune,Mixed Residential-Commercial,1,Other,1,1155.0,Time constraint,15,120,4,5,5,4,5,4,1
C1388,18-24,Student,Own apartment,Hyderabad,Working Professional Hub,4-5,Domestic help,3,575.0,Quality/damage,5,90,2,3,3,4,3,3,1
C1389,25-34,Other,PG/Hostel,Ahmedabad,Residential Township,4-5,Local laundromat,2,1085.0,Cost,5,120,1,1,1,1,1,1,0
C1390,25-34,Student,PG/Hostel,Pune,Working Professional Hub,2-3,Pickup service,4,700.0,No machine access,15,120,5,5,5,5,5,5,1
C1391,25-34,Student,PG/Hostel,Pune,Residential Township,2-3,Wash at home,4,893.0,Inconsistent timing,10,160,6,4,3,4,4,4,1
C1392,18-24,Student,Rented (alone/family),Bangalore,Residential Township,1,Local laundromat,6,1120.0,Time constraint,10,90,1,5,4,3,4,5,1
C1393,25-34,Homemaker,Rented (alone/family),Pune,Working Professional Hub,4-5,Pickup service,3,635.0,No machine access,5,260,2,4,4,5,4,4,1
C1394,55+,Working Professional,PG/Hostel,Hyderabad,Student/PG-dense,2-3,Local laundromat,3,1108.0,Inconsistent timing,10,200,0,5,5,5,5,5,1
C1395,18-24,Student,Other,Pune,IT Park Hub,2-3,Other,4,373.0,No machine access,5,120,1,5,5,5,5,5,1
C1396,55+,Working Professional,Rented (alone/family),Pune,Working Professional Hub,2-3,Pickup service,1,1445.0,Time constraint,10,120,5,5,4,5,4,5,1
C1397,25-34,Working Professional,Rented (shared),Ahmedabad,Student/PG-dense,6+,Wash at home,3,1189.0,Cost,15,160,2,5,4,4,5,5,1
C1398,45-54,Student,Rented (alone/family),Bangalore,Residential Township,2-3,Domestic help,3,766.0,Distance,5,160,2,4,5,4,5,4,1
C1399,35-44,Homemaker,Own apartment,Hyderabad,Residential Township,6+,Wash at home,1,1280.0,Time constraint,10,120,0,3,4,2,3,3,0
C1400,25-34,Self-employed,PG/Hostel,Pune,Student/PG-dense,2-3,Local laundromat,3,1223.0,Inconsistent timing,20,120,0,5,5,5,5,5,1
C1401,35-44,Working Professional,Rented (shared),Bangalore,IT Park Hub,1,Wash at home,5,795.0,Distance,15,200,2,3,4,4,3,3,0
C1402,45-54,Other,Own apartment,Mumbai,Student/PG-dense,1,Local laundromat,5,791.0,Time constraint,15,120,2,5,4,4,4,5,1
C1403,25-34,Working Professional,Rented (alone/family),Mumbai,Residential Township,2-3,Domestic help,1,540.0,Quality/damage,10,120,0,3,4,2,3,4,0
C1404,25-34,Other,Rented (alone/family),Bangalore,Student/PG-dense,1,Local laundromat,1,813.0,No machine access,15,200,2,5,5,4,5,5,1
C1405,35-44,Working Professional,Rented (alone/family),Mumbai,IT Park Hub,1,Domestic help,2,420.0,No machine access,5,160,1,4,5,4,5,5,1
C1406,35-44,Working Professional,PG/Hostel,Pune,IT Park Hub,6+,Pickup service,5,1079.0,Distance,5,120,4,5,5,5,5,5,1
C1407,35-44,Student,PG/Hostel,Pune,IT Park Hub,4-5,Wash at home,1,1089.0,Inconsistent timing,5,160,4,5,2,3,3,4,0
C1408,35-44,Homemaker,Rented (alone/family),Bangalore,Mixed Residential-Commercial,4-5,Domestic help,4,375.0,Time constraint,10,90,3,3,5,4,4,5,1
C1409,25-34,Working Professional,PG/Hostel,Pune,IT Park Hub,1,Wash at home,1,1385.0,No machine access,15,200,2,5,5,5,5,5,1
C1410,35-44,Student,PG/Hostel,Bangalore,IT Park Hub,1,Wash at home,3,613.0,No machine access,10,160,5,5,5,5,5,5,1
C1411,18-24,Student,Own apartment,Pune,Mixed Residential-Commercial,1,Local laundromat,2,2341.0,No machine access,15,200,3,5,5,4,5,5,1
C1412,25-34,Working Professional,Other,Mumbai,Student/PG-dense,4-5,Wash at home,4,874.0,No machine access,15,260,3,4,4,4,4,4,0
C1413,18-24,Working Professional,Own apartment,Bangalore,Working Professional Hub,6+,Wash at home,2,1391.0,Time constraint,10,260,2,4,4,4,4,3,0
C1414,25-34,Self-employed,Own apartment,Pune,Student/PG-dense,2-3,Pickup service,3,533.0,Quality/damage,10,260,5,5,5,5,5,5,1
C1415,25-34,Homemaker,Rented (shared),Pune,Working Professional Hub,1,Local laundromat,2,699.0,No machine access,10,160,2,5,4,5,5,5,1
C1416,25-34,Student,Other,Pune,Residential Township,2-3,Local laundromat,4,634.0,Time constraint,10,120,2,5,5,3,5,5,1
C1417,35-44,Self-employed,PG/Hostel,Mumbai,IT Park Hub,2-3,Other,5,417.0,Distance,5,160,4,5,5,5,4,5,1
C1418,25-34,Student,Other,Hyderabad,Mixed Residential-Commercial,2-3,Pickup service,1,462.0,Distance,20,160,2,3,3,2,3,3,0
C1419,25-34,Homemaker,Other,Pune,Mixed Residential-Commercial,4-5,Domestic help,5,754.0,No machine access,5,200,2,5,5,5,5,5,1
C1420,18-24,Self-employed,Own apartment,Bangalore,Working Professional Hub,4-5,Wash at home,3,931.0,Time constraint,5,120,6,5,4,5,5,5,1
C1421,25-34,Working Professional,Other,Pune,IT Park Hub,1,Pickup service,1,511.0,Cost,15,260,1,5,5,5,5,5,1
C1422,18-24,Self-employed,Rented (alone/family),Mumbai,Residential Township,1,Domestic help,3,682.0,Time constraint,10,200,3,5,4,4,4,5,0
C1423,18-24,Working Professional,Rented (shared),Ahmedabad,Mixed Residential-Commercial,6+,Pickup service,2,585.0,Time constraint,15,260,1,5,5,5,4,5,1
C1424,25-34,Working Professional,Rented (alone/family),Pune,Mixed Residential-Commercial,1,Domestic help,4,774.0,Quality/damage,10,200,2,3,2,4,3,3,1
C1425,35-44,Homemaker,Rented (alone/family),Mumbai,Student/PG-dense,1,Wash at home,4,1045.0,Time constraint,10,120,3,4,5,4,5,4,0
C1426,25-34,Working Professional,PG/Hostel,Pune,Student/PG-dense,1,Wash at home,1,830.0,Time constraint,5,90,3,5,5,5,5,5,1
C1427,25-34,Working Professional,Rented (alone/family),Pune,Student/PG-dense,1,Local laundromat,3,623.0,Time constraint,10,90,4,4,4,4,3,4,0
C1428,25-34,Working Professional,Other,Pune,IT Park Hub,2-3,Local laundromat,4,1206.0,Time constraint,10,120,2,5,4,5,4,5,1
C1429,45-54,Homemaker,PG/Hostel,Pune,Residential Township,4-5,Domestic help,6,918.0,Time constraint,15,160,6,4,4,4,5,4,0
C1430,25-34,Working Professional,Own apartment,Bangalore,Working Professional Hub,2-3,Wash at home,3,840.0,Inconsistent timing,10,200,0,3,4,4,3,5,0
C1431,25-34,Student,Own apartment,Pune,Student/PG-dense,2-3,Other,6,513.0,Time constraint,20,200,6,5,5,4,5,5,1
C1432,18-24,Self-employed,Own apartment,Mumbai,Student/PG-dense,4-5,Other,3,1152.0,Time constraint,5,160,3,5,5,5,5,5,1
C1433,25-34,Homemaker,Other,Pune,Working Professional Hub,2-3,Wash at home,2,957.0,Time constraint,10,90,1,4,4,4,5,4,0
C1434,25-34,Student,Rented (alone/family),Pune,Mixed Residential-Commercial,4-5,Wash at home,5,978.0,Inconsistent timing,10,120,1,4,4,4,4,5,0
C1435,25-34,Student,Other,Bangalore,Residential Township,4-5,Domestic help,3,724.0,Cost,20,90,2,4,4,4,4,5,1
C1436,25-34,Student,Own apartment,Ahmedabad,IT Park Hub,1,Other,3,671.0,No machine access,5,120,3,5,5,4,5,5,1
C1437,25-34,Working Professional,PG/Hostel,Pune,Student/PG-dense,4-5,Local laundromat,3,1599.0,Distance,10,160,5,5,5,4,5,4,1
C1438,25-34,Working Professional,Rented (alone/family),Hyderabad,Student/PG-dense,2-3,Wash at home,5,667.0,No machine access,15,90,0,5,5,4,5,5,1
C1439,35-44,Self-employed,Own apartment,Mumbai,Student/PG-dense,6+,Local laundromat,5,474.0,No machine access,5,120,1,5,5,3,4,5,1
C1440,35-44,Working Professional,Rented (shared),Mumbai,Working Professional Hub,2-3,Pickup service,3,858.0,Time constraint,15,120,2,5,5,5,4,5,1
C1441,35-44,Working Professional,Rented (alone/family),Mumbai,Residential Township,6+,Wash at home,2,792.0,No machine access,5,160,2,3,4,4,3,4,0
C1442,55+,Working Professional,Own apartment,Pune,IT Park Hub,4-5,Domestic help,3,1229.0,No machine access,15,160,3,4,4,4,5,4,1
C1443,18-24,Homemaker,PG/Hostel,Pune,IT Park Hub,1,Wash at home,3,747.0,Quality/damage,20,160,4,5,5,5,4,5,1
C1444,18-24,Working Professional,Rented (alone/family),Mumbai,Residential Township,2-3,Wash at home,2,1031.0,Time constraint,15,160,3,2,4,3,3,3,0
C1445,18-24,Other,Own apartment,Pune,Student/PG-dense,6+,Local laundromat,4,1426.0,Cost,10,260,2,2,2,2,2,3,0
C1446,25-34,Working Professional,Rented (alone/family),Hyderabad,Working Professional Hub,4-5,Wash at home,3,934.0,Time constraint,5,120,2,5,3,4,4,5,1
C1447,45-54,Student,PG/Hostel,Pune,Student/PG-dense,1,Wash at home,2,524.0,Time constraint,20,160,3,5,5,5,5,5,1
C1448,18-24,Working Professional,PG/Hostel,Pune,Student/PG-dense,4-5,Local laundromat,1,369.0,No machine access,10,200,2,5,5,5,5,5,1
C1449,45-54,Working Professional,Rented (shared),Bangalore,Residential Township,2-3,Wash at home,2,945.0,Inconsistent timing,5,160,1,4,2,3,4,3,0
C1450,18-24,Working Professional,Own apartment,Pune,Residential Township,1,Wash at home,6,686.0,No machine access,15,260,3,4,4,3,5,4,0
C1451,45-54,Student,Rented (shared),Mumbai,Student/PG-dense,2-3,Wash at home,2,882.0,Quality/damage,10,120,5,4,5,3,4,4,1
C1452,25-34,Student,Rented (alone/family),Bangalore,IT Park Hub,1,Other,2,795.0,Time constraint,5,160,1,5,5,4,5,4,1
C1453,18-24,Homemaker,Rented (shared),Hyderabad,Student/PG-dense,4-5,Local laundromat,3,470.0,Time constraint,5,90,2,5,5,5,5,5,1
C1454,25-34,Student,Rented (shared),Bangalore,Student/PG-dense,2-3,Local laundromat,2,745.0,Time constraint,5,160,1,5,5,5,5,5,1
C1455,18-24,Homemaker,Own apartment,Bangalore,Student/PG-dense,4-5,Pickup service,1,512.0,No machine access,10,120,5,5,5,5,5,5,1
C1456,18-24,Student,Own apartment,Bangalore,Mixed Residential-Commercial,1,Other,2,647.0,Time constraint,10,120,2,5,5,5,5,5,1
C1457,18-24,Working Professional,PG/Hostel,Ahmedabad,IT Park Hub,2-3,Wash at home,3,1150.0,Time constraint,10,160,0,4,4,5,5,4,1
C1458,35-44,Working Professional,Rented (alone/family),Pune,IT Park Hub,1,Pickup service,3,820.0,Distance,15,160,1,2,3,3,3,4,0
C1459,25-34,Working Professional,PG/Hostel,Pune,Working Professional Hub,1,Domestic help,2,1005.0,Time constraint,15,90,1,3,3,3,4,4,0
C1460,18-24,Working Professional,Rented (alone/family),Pune,Residential Township,1,Pickup service,3,848.0,Cost,10,160,4,5,5,5,5,5,1
C1461,25-34,Student,Own apartment,Pune,IT Park Hub,1,Wash at home,6,706.0,No machine access,5,160,2,4,4,5,4,5,1
C1462,35-44,Student,PG/Hostel,Bangalore,Working Professional Hub,2-3,Pickup service,2,883.0,No machine access,15,120,3,4,5,4,3,3,0
C1463,18-24,Working Professional,Rented (shared),Bangalore,Mixed Residential-Commercial,2-3,Wash at home,2,394.0,Cost,10,160,3,4,5,5,4,5,1
C1464,25-34,Working Professional,Rented (shared),Mumbai,IT Park Hub,2-3,Pickup service,2,1081.0,No machine access,10,200,2,5,5,4,5,5,1
C1465,18-24,Homemaker,Own apartment,Pune,IT Park Hub,2-3,Domestic help,3,562.0,Time constraint,10,160,0,4,4,3,5,5,0
C1466,18-24,Homemaker,Other,Bangalore,Working Professional Hub,4-5,Wash at home,4,978.0,Quality/damage,10,120,1,4,4,3,3,3,1
C1467,35-44,Self-employed,PG/Hostel,Pune,Residential Township,6+,Domestic help,2,695.0,Distance,20,120,2,4,2,4,3,3,1
C1468,18-24,Self-employed,Own apartment,Bangalore,Residential Township,2-3,Wash at home,4,470.0,Time constraint,5,160,2,5,5,4,5,5,1
C1469,25-34,Working Professional,Rented (shared),Mumbai,Working Professional Hub,2-3,Domestic help,1,601.0,Time constraint,15,260,0,5,4,4,4,4,1
C1470,35-44,Student,Rented (shared),Pune,Residential Township,1,Local laundromat,3,981.0,Distance,5,160,0,5,3,4,5,3,0
C1471,18-24,Homemaker,Own apartment,Pune,IT Park Hub,6+,Wash at home,4,1830.0,No machine access,20,90,2,5,4,4,5,5,1
C1472,25-34,Working Professional,Own apartment,Pune,Mixed Residential-Commercial,1,Wash at home,2,774.0,Cost,5,160,0,3,2,3,3,2,0
C1473,18-24,Working Professional,Other,Hyderabad,Mixed Residential-Commercial,2-3,Other,3,1731.0,No machine access,5,200,1,4,3,4,4,4,1
C1474,55+,Student,Rented (alone/family),Hyderabad,Student/PG-dense,2-3,Wash at home,2,393.0,Time constraint,10,90,5,5,5,5,5,4,1
C1475,25-34,Working Professional,Rented (shared),Bangalore,Residential Township,2-3,Wash at home,4,717.0,Cost,10,260,4,4,4,3,5,3,1
C1476,35-44,Working Professional,Own apartment,Pune,Mixed Residential-Commercial,1,Wash at home,1,774.0,Cost,5,260,0,2,3,3,3,4,0
C1477,25-34,Homemaker,Rented (shared),Pune,Mixed Residential-Commercial,4-5,Pickup service,5,1002.0,Time constraint,10,90,3,5,5,5,4,5,1
C1478,18-24,Working Professional,Rented (alone/family),Bangalore,Residential Township,1,Local laundromat,2,611.0,No machine access,10,260,1,5,5,5,5,5,1
C1479,25-34,Working Professional,Rented (shared),Bangalore,Student/PG-dense,4-5,Wash at home,5,917.0,Distance,5,120,3,5,5,4,4,5,1
C1480,55+,Other,Own apartment,Pune,Working Professional Hub,1,Wash at home,2,731.0,Cost,10,200,1,4,3,3,5,4,0
C1481,25-34,Student,Rented (shared),Pune,Student/PG-dense,1,Wash at home,4,1305.0,Time constraint,15,160,1,5,4,5,5,5,1
C1482,35-44,Working Professional,PG/Hostel,Bangalore,Mixed Residential-Commercial,6+,Wash at home,2,858.0,Cost,15,160,3,2,5,4,3,3,0
C1483,45-54,Student,Own apartment,Pune,Residential Township,1,Local laundromat,5,2249.0,Quality/damage,15,160,5,4,5,4,4,5,0
C1484,18-24,Self-employed,PG/Hostel,Pune,Mixed Residential-Commercial,4-5,Domestic help,1,734.0,Distance,15,200,2,5,4,4,4,4,0
C1485,18-24,Homemaker,Rented (alone/family),Pune,IT Park Hub,2-3,Wash at home,2,1268.0,Cost,10,90,0,3,3,4,4,5,0
C1486,25-34,Student,Rented (shared),Mumbai,Mixed Residential-Commercial,1,Wash at home,3,1442.0,Time constraint,5,160,3,5,5,5,5,5,0
C1487,25-34,Homemaker,PG/Hostel,Hyderabad,IT Park Hub,6+,Local laundromat,1,276.0,Quality/damage,5,120,2,5,5,5,5,4,1
C1488,35-44,Student,PG/Hostel,Ahmedabad,Mixed Residential-Commercial,1,Other,2,1075.0,Quality/damage,15,120,4,5,4,4,5,4,1
C1489,45-54,Homemaker,PG/Hostel,Mumbai,Residential Township,4-5,Other,6,466.0,Time constraint,20,120,2,4,5,4,5,5,1
C1490,25-34,Self-employed,Own apartment,Mumbai,Working Professional Hub,1,Domestic help,6,723.0,No machine access,10,160,4,4,4,3,3,3,0
C1491,18-24,Self-employed,Rented (shared),Pune,Residential Township,4-5,Wash at home,2,495.0,No machine access,5,120,5,4,4,5,5,4,1
C1492,35-44,Student,Other,Mumbai,Mixed Residential-Commercial,1,Wash at home,5,1314.0,Quality/damage,5,90,1,5,4,5,5,4,1
C1493,18-24,Other,Rented (alone/family),Pune,Student/PG-dense,2-3,Wash at home,3,625.0,Time constraint,10,120,4,5,5,4,5,5,1
C1494,35-44,Self-employed,Rented (alone/family),Mumbai,Mixed Residential-Commercial,4-5,Wash at home,2,385.0,Cost,10,90,1,3,3,4,4,2,0
C1495,25-34,Working Professional,Rented (alone/family),Pune,Mixed Residential-Commercial,6+,Local laundromat,4,867.0,Inconsistent timing,5,160,3,5,5,5,5,5,1
C1496,35-44,Homemaker,Rented (alone/family),Pune,Residential Township,6+,Domestic help,4,1400.0,Distance,20,260,2,1,3,2,2,2,0
C1497,18-24,Student,Own apartment,Pune,Working Professional Hub,4-5,Domestic help,6,498.0,Inconsistent timing,10,90,4,5,3,3,4,3,0
C1498,25-34,Homemaker,Rented (shared),Pune,Residential Township,4-5,Domestic help,2,1135.0,Inconsistent timing,20,260,1,5,5,5,4,5,1
C1499,25-34,Student,Rented (shared),Pune,Residential Township,1,Wash at home,4,347.0,Time constraint,15,200,4,5,3,4,5,5,1
C1500,25-34,Self-employed,Own apartment,Pune,Residential Township,2-3,Pickup service,1,1444.0,Cost,15,160,2,3,3,3,3,4,0
C1501,18-24,Working Professional,Own apartment,Ahmedabad,IT Park Hub,2-3,Wash at home,1,941.0,No machine access,10,160,1,4,4,4,3,4,0
C1502,35-44,Student,Own apartment,Pune,Working Professional Hub,2-3,Wash at home,1,478.0,Distance,10,200,1,5,4,3,5,4,1
C1503,45-54,Student,Rented (shared),Mumbai,Residential Township,2-3,Domestic help,6,1091.0,Time constraint,10,90,0,4,4,4,4,5,1
C1504,18-24,Student,Own apartment,Hyderabad,Residential Township,2-3,Wash at home,4,639.0,Inconsistent timing,10,160,3,3,3,3,3,4,1
C1505,18-24,Working Professional,Rented (alone/family),Ahmedabad,Residential Township,1,Local laundromat,4,541.0,Cost,10,160,3,5,5,4,5,4,0
C1506,18-24,Working Professional,Rented (alone/family),Mumbai,Mixed Residential-Commercial,4-5,Wash at home,3,634.0,Distance,20,160,4,3,4,4,5,3,0
C1507,25-34,Working Professional,PG/Hostel,Hyderabad,Student/PG-dense,1,Pickup service,2,1044.0,Time constraint,15,200,1,5,5,5,5,5,1
C1508,25-34,Student,Rented (alone/family),Pune,Mixed Residential-Commercial,2-3,Domestic help,2,527.0,Time constraint,15,90,1,5,2,4,4,3,0
C1509,25-34,Student,PG/Hostel,Pune,Working Professional Hub,2-3,Wash at home,2,302.0,Distance,15,160,5,5,5,5,5,5,1
C1510,18-24,Self-employed,Rented (shared),Pune,Working Professional Hub,4-5,Domestic help,2,647.0,Time constraint,5,160,5,5,5,5,5,5,1
C1511,25-34,Student,Own apartment,Bangalore,Student/PG-dense,4-5,Wash at home,4,1338.0,Distance,5,120,4,5,4,4,4,4,1
C1512,25-34,Homemaker,PG/Hostel,Bangalore,Working Professional Hub,4-5,Local laundromat,3,1330.0,Time constraint,10,120,0,3,4,4,4,4,1
C1513,25-34,Homemaker,PG/Hostel,Pune,Working Professional Hub,1,Domestic help,1,633.0,Quality/damage,10,160,2,5,4,4,5,4,1
C1514,55+,Working Professional,PG/Hostel,Pune,Residential Township,2-3,Pickup service,1,624.0,No machine access,15,200,0,4,4,4,4,4,1
C1515,18-24,Working Professional,Own apartment,Bangalore,Residential Township,1,Other,1,608.0,Cost,10,160,2,4,3,4,5,4,0
C1516,35-44,Homemaker,Rented (alone/family),Pune,Working Professional Hub,2-3,Wash at home,3,598.0,Quality/damage,10,200,4,4,4,2,4,4,0
C1517,25-34,Student,Rented (shared),Mumbai,Working Professional Hub,2-3,Pickup service,6,614.0,No machine access,10,160,0,5,5,4,5,5,1
C1518,25-34,Student,Own apartment,Bangalore,Student/PG-dense,1,Pickup service,3,884.0,Time constraint,5,90,3,5,5,5,5,5,0
C1519,35-44,Student,Own apartment,Bangalore,Residential Township,1,Domestic help,4,1352.0,Time constraint,10,90,1,5,5,5,5,5,1
C1520,35-44,Self-employed,Rented (shared),Bangalore,Residential Township,6+,Wash at home,3,527.0,Cost,15,90,2,3,3,4,3,4,0
C1521,55+,Student,Own apartment,Hyderabad,Student/PG-dense,6+,Domestic help,2,566.0,Cost,5,120,2,3,3,4,3,3,1
C1522,18-24,Working Professional,Own apartment,Mumbai,Residential Township,2-3,Pickup service,1,927.0,Quality/damage,10,120,2,3,4,4,4,5,0
C1523,18-24,Other,Own apartment,Bangalore,Working Professional Hub,1,Wash at home,5,1070.0,No machine access,10,200,4,5,5,4,5,4,1
C1524,35-44,Homemaker,PG/Hostel,Mumbai,Mixed Residential-Commercial,1,Local laundromat,4,420.0,No machine access,5,200,2,3,4,2,5,4,0
C1525,25-34,Working Professional,Own apartment,Pune,Residential Township,2-3,Wash at home,2,1570.0,No machine access,5,90,2,5,5,4,5,4,1
C1526,18-24,Student,Rented (alone/family),Pune,Residential Township,6+,Pickup service,3,696.0,Time constraint,20,120,4,5,5,5,5,5,1
C1527,18-24,Homemaker,Rented (shared),Pune,IT Park Hub,1,Domestic help,3,436.0,No machine access,10,120,3,5,5,5,5,5,1
C1528,18-24,Working Professional,Rented (alone/family),Pune,Working Professional Hub,4-5,Pickup service,3,412.0,Inconsistent timing,5,160,3,5,5,5,5,5,1
C1529,45-54,Student,PG/Hostel,Mumbai,IT Park Hub,1,Pickup service,6,403.0,Distance,5,120,4,5,5,5,5,5,1
C1530,18-24,Student,PG/Hostel,Hyderabad,Student/PG-dense,6+,Local laundromat,3,1257.0,No machine access,15,120,2,5,5,5,5,5,1
C1531,25-34,Homemaker,Own apartment,Pune,Residential Township,2-3,Wash at home,3,823.0,Cost,10,260,1,3,3,3,3,3,0
C1532,18-24,Working Professional,PG/Hostel,Pune,IT Park Hub,4-5,Wash at home,1,1262.0,Distance,10,200,4,5,5,5,5,5,1
C1533,25-34,Homemaker,Rented (shared),Ahmedabad,IT Park Hub,2-3,Local laundromat,1,759.0,No machine access,5,120,1,5,5,5,5,5,1
C1534,18-24,Homemaker,Rented (alone/family),Pune,Residential Township,4-5,Wash at home,2,1247.0,Time constraint,15,160,3,3,5,3,4,4,0
C1535,25-34,Working Professional,PG/Hostel,Mumbai,IT Park Hub,1,Wash at home,1,751.0,Time constraint,10,120,1,5,5,5,5,5,1
C1536,18-24,Working Professional,Other,Mumbai,Working Professional Hub,1,Local laundromat,4,230.0,No machine access,10,200,2,5,4,3,5,3,1
C1537,35-44,Working Professional,Rented (shared),Mumbai,IT Park Hub,6+,Wash at home,4,1000.0,Inconsistent timing,10,160,4,4,5,4,5,4,1
C1538,18-24,Working Professional,Rented (shared),Pune,Residential Township,6+,Wash at home,1,781.0,Quality/damage,10,120,2,5,4,5,5,5,1
C1539,25-34,Working Professional,Rented (shared),Pune,Working Professional Hub,4-5,Local laundromat,5,732.0,Time constraint,15,200,6,4,4,5,5,4,1
C1540,45-54,Self-employed,Rented (shared),Pune,Working Professional Hub,4-5,Wash at home,2,547.0,Time constraint,20,120,3,4,4,4,4,5,1
C1541,25-34,Working Professional,PG/Hostel,Mumbai,Student/PG-dense,4-5,Domestic help,2,1059.0,Distance,10,120,4,3,4,4,3,4,1
C1542,25-34,Homemaker,Own apartment,Mumbai,Residential Township,1,Domestic help,2,499.0,Distance,15,120,6,5,4,4,5,5,1
C1543,25-34,Working Professional,Other,Pune,Working Professional Hub,2-3,Domestic help,2,1058.0,Cost,15,160,2,3,4,3,3,4,1
C1544,25-34,Working Professional,Rented (shared),Bangalore,Working Professional Hub,2-3,Wash at home,2,839.0,Cost,20,120,2,4,2,3,4,4,1
C1545,35-44,Working Professional,Own apartment,Hyderabad,Student/PG-dense,4-5,Domestic help,3,1070.0,Time constraint,5,120,2,4,5,4,3,4,1
C1546,55+,Working Professional,Own apartment,Pune,IT Park Hub,2-3,Domestic help,3,869.0,Distance,10,120,1,4,5,4,5,5,0
C1547,35-44,Self-employed,Own apartment,Mumbai,Student/PG-dense,1,Domestic help,6,1306.0,Distance,5,90,2,5,4,4,5,4,1
C1548,25-34,Student,Rented (alone/family),Bangalore,Student/PG-dense,2-3,Wash at home,1,959.0,Time constraint,15,200,0,5,5,4,5,5,1
C1549,35-44,Working Professional,Rented (shared),Pune,Mixed Residential-Commercial,4-5,Pickup service,1,846.0,Quality/damage,5,120,2,3,4,4,4,4,1
C1550,25-34,Student,Rented (shared),Pune,Working Professional Hub,2-3,Domestic help,1,291.0,Time constraint,10,90,4,5,4,4,5,4,1
C1551,18-24,Working Professional,Own apartment,Mumbai,IT Park Hub,1,Pickup service,3,1330.0,Time constraint,10,160,4,5,5,5,5,5,1
C1552,25-34,Working Professional,Own apartment,Hyderabad,Mixed Residential-Commercial,1,Pickup service,1,401.0,Time constraint,10,200,1,3,4,4,5,4,1
C1553,55+,Working Professional,PG/Hostel,Hyderabad,Mixed Residential-Commercial,1,Local laundromat,5,451.0,Time constraint,10,200,4,5,5,5,5,5,1
C1554,18-24,Other,Rented (shared),Mumbai,Mixed Residential-Commercial,2-3,Local laundromat,3,1113.0,No machine access,15,160,4,4,5,5,4,5,1
C1555,35-44,Working Professional,Own apartment,Bangalore,Working Professional Hub,4-5,Wash at home,3,810.0,No machine access,10,120,2,5,4,4,5,4,1
C1556,18-24,Self-employed,Own apartment,Pune,Residential Township,2-3,Pickup service,3,408.0,No machine access,15,200,5,5,5,5,5,5,1
C1557,25-34,Working Professional,Other,Bangalore,IT Park Hub,4-5,Wash at home,2,624.0,No machine access,5,160,1,4,4,4,3,4,0
C1558,18-24,Working Professional,Own apartment,Mumbai,Student/PG-dense,2-3,Local laundromat,2,1299.0,Time constraint,10,120,2,3,4,3,3,4,1
C1559,25-34,Student,Rented (shared),Pune,IT Park Hub,4-5,Wash at home,2,858.0,Time constraint,10,260,2,5,5,4,5,4,1
C1560,35-44,Student,Rented (alone/family),Bangalore,IT Park Hub,1,Local laundromat,3,819.0,Cost,5,90,2,5,5,5,5,5,1
C1561,25-34,Working Professional,Own apartment,Mumbai,Student/PG-dense,2-3,Wash at home,2,593.0,No machine access,10,260,2,5,5,5,5,5,1
C1562,35-44,Working Professional,PG/Hostel,Pune,Working Professional Hub,4-5,Pickup service,1,1130.0,Time constraint,15,200,1,5,5,5,5,5,1
C1563,35-44,Student,Rented (alone/family),Hyderabad,Mixed Residential-Commercial,1,Domestic help,6,768.0,Distance,10,160,0,4,4,3,3,3,1
C1564,45-54,Student,Own apartment,Pune,Working Professional Hub,1,Wash at home,1,1040.0,Quality/damage,15,260,1,2,2,2,1,1,0
C1565,18-24,Student,PG/Hostel,Pune,Working Professional Hub,4-5,Wash at home,4,568.0,Distance,10,200,3,3,3,3,3,4,0
C1566,25-34,Other,Own apartment,Pune,Working Professional Hub,2-3,Wash at home,4,1834.0,No machine access,5,120,5,5,4,4,4,4,1
C1567,18-24,Working Professional,Rented (alone/family),Bangalore,Student/PG-dense,4-5,Domestic help,2,1403.0,Time constraint,5,160,3,5,5,4,5,5,1
C1568,55+,Working Professional,Other,Bangalore,Residential Township,1,Local laundromat,1,854.0,Quality/damage,10,90,4,5,5,5,5,5,1
C1569,45-54,Student,PG/Hostel,Pune,Residential Township,4-5,Local laundromat,1,933.0,Time constraint,5,120,0,5,5,5,5,5,1
C1570,25-34,Working Professional,Rented (shared),Bangalore,Mixed Residential-Commercial,2-3,Wash at home,4,626.0,No machine access,5,200,2,5,5,4,4,5,1
C1571,45-54,Student,Rented (alone/family),Pune,Residential Township,1,Pickup service,3,1076.0,Time constraint,10,120,3,3,3,2,4,3,1
C1572,25-34,Student,Rented (shared),Bangalore,IT Park Hub,2-3,Domestic help,4,311.0,Distance,10,120,2,4,5,4,5,4,1
C1573,25-34,Working Professional,Own apartment,Mumbai,IT Park Hub,1,Domestic help,6,1560.0,Time constraint,10,160,4,5,5,5,5,5,1
C1574,18-24,Student,Own apartment,Pune,IT Park Hub,2-3,Pickup service,4,1049.0,Inconsistent timing,15,200,5,4,5,5,4,4,1
C1575,35-44,Student,PG/Hostel,Ahmedabad,Student/PG-dense,1,Wash at home,2,522.0,Distance,10,90,2,5,3,5,5,5,1
C1576,18-24,Student,Rented (alone/family),Pune,Residential Township,1,Wash at home,2,1542.0,No machine access,10,120,1,4,4,2,4,4,0
C1577,35-44,Student,Rented (alone/family),Pune,IT Park Hub,2-3,Wash at home,5,1762.0,Quality/damage,15,120,2,5,4,3,3,4,1
C1578,35-44,Student,Rented (shared),Mumbai,Working Professional Hub,1,Wash at home,2,955.0,Cost,10,160,1,4,3,4,3,5,1
C1579,35-44,Working Professional,Own apartment,Ahmedabad,Student/PG-dense,6+,Wash at home,1,572.0,Distance,10,90,2,3,3,3,3,4,1
C1580,18-24,Self-employed,Own apartment,Pune,Residential Township,1,Wash at home,4,824.0,No machine access,10,160,1,4,3,3,4,4,1
C1581,18-24,Working Professional,Own apartment,Pune,IT Park Hub,2-3,Local laundromat,3,1013.0,Distance,5,120,3,5,5,5,5,5,1
C1582,18-24,Working Professional,Own apartment,Pune,Residential Township,1,Other,5,921.0,No machine access,15,120,0,4,3,3,4,3,1
C1583,25-34,Student,Rented (alone/family),Mumbai,Working Professional Hub,2-3,Pickup service,4,522.0,Inconsistent timing,10,260,3,5,5,5,5,5,1
C1584,18-24,Homemaker,Own apartment,Pune,Residential Township,6+,Domestic help,1,1005.0,No machine access,20,90,4,5,5,5,5,5,1
C1585,45-54,Working Professional,Own apartment,Bangalore,Residential Township,1,Domestic help,6,1292.0,No machine access,15,160,3,4,4,4,4,4,1
C1586,25-34,Student,Own apartment,Ahmedabad,Student/PG-dense,6+,Wash at home,2,473.0,Distance,10,90,1,4,5,5,4,5,1
C1587,18-24,Working Professional,Own apartment,Mumbai,Working Professional Hub,1,Domestic help,2,496.0,Distance,5,160,1,5,5,4,3,4,1
C1588,25-34,Student,Rented (shared),Pune,Mixed Residential-Commercial,4-5,Wash at home,3,616.0,Cost,5,160,1,3,4,3,4,3,1
C1589,25-34,Working Professional,Own apartment,Pune,Mixed Residential-Commercial,2-3,Pickup service,1,739.0,Time constraint,10,120,5,4,5,5,4,5,1
C1590,25-34,Working Professional,PG/Hostel,Pune,IT Park Hub,4-5,Wash at home,3,1143.0,No machine access,10,120,2,5,5,5,5,5,1
C1591,25-34,Homemaker,Rented (shared),Hyderabad,Residential Township,2-3,Other,1,1286.0,Inconsistent timing,5,120,1,5,4,4,5,5,1
C1592,45-54,Working Professional,Rented (shared),Pune,Working Professional Hub,2-3,Wash at home,3,561.0,Distance,10,160,2,5,5,4,4,4,1
C1593,25-34,Self-employed,Other,Pune,Student/PG-dense,1,Wash at home,2,881.0,Distance,5,200,2,5,5,5,5,5,1
C1594,55+,Other,Own apartment,Bangalore,Working Professional Hub,1,Domestic help,4,1264.0,Time constraint,20,160,3,3,4,3,3,5,0
C1595,45-54,Student,Own apartment,Pune,Residential Township,6+,Wash at home,4,1882.0,No machine access,5,160,1,5,5,5,5,5,0
C1596,18-24,Student,Own apartment,Bangalore,IT Park Hub,2-3,Pickup service,2,879.0,Cost,20,120,1,3,4,4,4,3,0
C1597,45-54,Working Professional,Rented (alone/family),Pune,Mixed Residential-Commercial,2-3,Domestic help,2,900.0,Distance,20,120,1,3,3,2,2,2,0
C1598,18-24,Working Professional,Own apartment,Hyderabad,Student/PG-dense,4-5,Domestic help,2,957.0,Time constraint,10,120,3,5,3,3,3,4,0
C1599,35-44,Working Professional,Rented (alone/family),Ahmedabad,Residential Township,2-3,Other,2,706.0,Distance,15,120,3,4,5,3,4,2,0
C1600,25-34,Homemaker,Rented (shared),Bangalore,Student/PG-dense,6+,Other,4,851.0,Cost,10,120,4,5,4,5,4,5,1
C1601,45-54,Self-employed,PG/Hostel,Ahmedabad,Residential Township,4-5,Wash at home,4,338.0,Time constraint,10,160,0,5,4,4,5,5,1
C1602,45-54,Working Professional,Own apartment,Pune,Residential Township,2-3,Domestic help,2,628.0,No machine access,10,160,0,4,4,5,5,5,1
C1603,35-44,Working Professional,Own apartment,Mumbai,Mixed Residential-Commercial,4-5,Pickup service,2,999.0,Time constraint,10,260,1,3,3,3,3,4,1
C1604,35-44,Homemaker,Rented (shared),Mumbai,Working Professional Hub,1,Pickup service,1,548.0,Cost,10,120,3,3,3,4,4,4,0
C1605,18-24,Other,PG/Hostel,Mumbai,Working Professional Hub,1,Wash at home,3,1154.0,Time constraint,10,160,5,5,4,5,5,3,1
C1606,18-24,Homemaker,Own apartment,Pune,Residential Township,2-3,Pickup service,1,381.0,Time constraint,10,200,1,2,2,3,3,4,0
C1607,25-34,Student,PG/Hostel,Pune,Mixed Residential-Commercial,1,Other,6,1135.0,Distance,5,160,2,4,3,3,3,4,0
C1608,18-24,Working Professional,Own apartment,Pune,Student/PG-dense,4-5,Domestic help,4,1134.0,Time constraint,10,120,2,5,5,5,5,5,1
C1609,35-44,Student,Other,Pune,IT Park Hub,6+,Local laundromat,2,1897.0,Time constraint,5,120,0,5,5,5,5,4,1
C1610,25-34,Student,Rented (alone/family),Pune,Student/PG-dense,2-3,Wash at home,3,695.0,No machine access,5,90,0,5,5,5,5,5,1
C1611,55+,Student,Rented (shared),Bangalore,Residential Township,2-3,Wash at home,5,811.0,No machine access,5,120,0,5,5,5,5,4,1
C1612,25-34,Working Professional,Own apartment,Pune,Working Professional Hub,6+,Domestic help,3,1492.0,Distance,5,200,1,3,4,3,4,2,0
C1613,35-44,Working Professional,Own apartment,Pune,Working Professional Hub,2-3,Domestic help,2,1408.0,No machine access,5,90,2,5,4,5,5,5,1
C1614,18-24,Student,Rented (alone/family),Mumbai,Residential Township,2-3,Local laundromat,2,1228.0,Distance,15,120,1,5,4,4,4,4,1
C1615,45-54,Working Professional,Other,Mumbai,IT Park Hub,2-3,Wash at home,5,935.0,Cost,5,200,3,3,2,3,2,4,0
C1616,45-54,Working Professional,PG/Hostel,Hyderabad,Mixed Residential-Commercial,6+,Local laundromat,3,1474.0,Time constraint,15,200,6,5,4,3,5,4,0
C1617,25-34,Working Professional,Rented (alone/family),Mumbai,Residential Township,2-3,Local laundromat,4,2204.0,Time constraint,5,160,2,5,5,4,5,5,1
C1618,25-34,Student,Own apartment,Pune,Working Professional Hub,4-5,Domestic help,5,1038.0,No machine access,15,160,2,4,4,4,5,4,1
C1619,35-44,Working Professional,Own apartment,Hyderabad,Residential Township,4-5,Pickup service,5,827.0,No machine access,10,120,2,4,4,5,5,4,1
C1620,18-24,Self-employed,PG/Hostel,Mumbai,Residential Township,2-3,Wash at home,5,1092.0,Quality/damage,10,120,1,4,4,2,4,4,0
C1621,25-34,Student,Own apartment,Pune,Mixed Residential-Commercial,2-3,Local laundromat,1,874.0,Cost,10,120,1,4,3,3,4,3,0
C1622,25-34,Student,Rented (alone/family),Mumbai,IT Park Hub,4-5,Wash at home,3,720.0,No machine access,10,160,3,5,4,3,5,5,1
C1623,18-24,Working Professional,Rented (shared),Hyderabad,IT Park Hub,2-3,Other,4,1156.0,Time constraint,10,260,1,5,5,5,5,5,1
C1624,25-34,Homemaker,PG/Hostel,Pune,Student/PG-dense,4-5,Wash at home,4,653.0,Time constraint,5,90,0,5,4,4,5,4,0
C1625,18-24,Working Professional,Own apartment,Pune,Residential Township,6+,Local laundromat,3,1029.0,Cost,20,160,2,5,4,5,5,5,1
C1626,18-24,Working Professional,PG/Hostel,Pune,IT Park Hub,4-5,Wash at home,2,415.0,No machine access,10,120,1,5,4,5,5,5,1
C1627,18-24,Working Professional,Rented (shared),Pune,Working Professional Hub,4-5,Pickup service,4,1591.0,No machine access,10,160,2,5,4,4,3,5,1
C1628,55+,Working Professional,Rented (shared),Pune,IT Park Hub,4-5,Pickup service,4,578.0,Time constraint,15,90,2,5,5,5,5,5,1
C1629,25-34,Student,Own apartment,Mumbai,Mixed Residential-Commercial,4-5,Domestic help,1,448.0,Quality/damage,10,120,5,5,5,5,5,5,1
C1630,55+,Working Professional,Own apartment,Pune,Student/PG-dense,2-3,Wash at home,3,1386.0,Distance,15,200,2,5,3,4,5,4,1
C1631,25-34,Homemaker,Own apartment,Ahmedabad,Working Professional Hub,1,Wash at home,2,1501.0,Time constraint,10,160,0,3,2,2,2,3,0
C1632,18-24,Working Professional,Rented (shared),Bangalore,Student/PG-dense,2-3,Wash at home,2,927.0,No machine access,15,160,5,4,4,4,5,5,0
C1633,25-34,Homemaker,Rented (alone/family),Mumbai,Residential Township,4-5,Pickup service,1,778.0,Inconsistent timing,5,120,2,5,4,4,5,5,1
C1634,25-34,Self-employed,Rented (alone/family),Hyderabad,Residential Township,2-3,Wash at home,3,702.0,No machine access,15,120,1,4,3,4,4,5,0
C1635,18-24,Student,Own apartment,Pune,Residential Township,4-5,Pickup service,3,905.0,Cost,15,120,4,4,4,3,4,3,0
C1636,25-34,Homemaker,Own apartment,Mumbai,Working Professional Hub,2-3,Domestic help,3,796.0,Time constraint,5,200,4,5,5,5,5,5,1
C1637,18-24,Student,PG/Hostel,Bangalore,IT Park Hub,4-5,Domestic help,4,755.0,Cost,5,260,4,5,5,5,5,5,1
C1638,25-34,Working Professional,Own apartment,Hyderabad,IT Park Hub,1,Local laundromat,5,553.0,Time constraint,10,160,5,5,5,5,5,5,1
C1639,25-34,Student,PG/Hostel,Bangalore,Mixed Residential-Commercial,4-5,Local laundromat,2,489.0,Inconsistent timing,20,120,3,5,5,5,5,5,1
C1640,18-24,Student,Rented (alone/family),Pune,IT Park Hub,2-3,Wash at home,1,841.0,Quality/damage,5,200,0,5,5,4,5,5,1
C1641,18-24,Working Professional,Rented (shared),Ahmedabad,IT Park Hub,1,Pickup service,5,894.0,Distance,10,160,0,5,5,5,5,5,1
C1642,35-44,Student,Rented (shared),Pune,Residential Township,2-3,Domestic help,2,592.0,Quality/damage,5,160,4,4,5,4,5,5,1
C1643,25-34,Working Professional,Rented (shared),Hyderabad,Residential Township,4-5,Wash at home,6,627.0,Cost,10,120,6,5,5,5,4,5,1
C1644,18-24,Working Professional,Rented (alone/family),Ahmedabad,IT Park Hub,2-3,Local laundromat,5,893.0,No machine access,10,200,2,5,5,5,5,5,1
C1645,55+,Student,Rented (shared),Pune,Working Professional Hub,1,Domestic help,3,547.0,Distance,20,160,0,5,4,4,4,4,0
C1646,18-24,Student,Own apartment,Bangalore,Student/PG-dense,6+,Domestic help,6,1248.0,Inconsistent timing,10,200,1,5,5,3,4,4,0
C1647,35-44,Working Professional,Rented (shared),Pune,Residential Township,4-5,Wash at home,1,1012.0,No machine access,15,200,1,2,2,3,3,2,0
C1648,55+,Working Professional,PG/Hostel,Pune,Residential Township,6+,Local laundromat,2,590.0,Inconsistent timing,10,120,3,5,4,5,4,5,1
C1649,18-24,Self-employed,Own apartment,Mumbai,Working Professional Hub,2-3,Wash at home,3,990.0,Cost,5,200,1,4,4,3,5,4,1
